FIPStxt,POP_ESTIMATE_2019,Deaths_2019
1001,55869,541.0
1003,223234,2326.0
1005,24686,312.0
1007,22394,252.0
1009,57826,657.0
1011,10101,109.0
1013,19448,272.0
1015,113605,1532.0
1017,33254,441.0
1019,26196,343.0
1021,44428,503.0
1023,12589,176.0
1025,23622,324.0
1027,13235,187.0
1029,14910,189.0
1031,52342,570.0
1033,55241,719.0
1035,12067,182.0
1037,10663,122.0
1039,37049,543.0
1041,13772,179.0
1043,83768,1050.0
1045,49172,546.0
1047,37196,542.0
1049,71513,819.0
1051,81209,821.0
1053,36633,474.0
1055,102268,1487.0
1057,16302,225.0
1059,31362,367.0
1061,26271,365.0
1063,8111,93.0
1065,14651,181.0
1067,17205,213.0
1069,105882,1137.0
1071,51626,675.0
1073,658573,7343.0
1075,13805,172.0
1077,92729,1136.0
1079,32924,428.0
1081,164542,1133.0
1083,98915,864.0
1085,9726,141.0
1087,18068,264.0
1089,372909,3305.0
1091,18863,276.0
1093,29709,405.0
1095,96774,1155.0
1097,413210,4576.0
1099,20733,278.0
1101,226486,2164.0
1103,119679,1316.0
1105,8923,121.0
1107,19930,235.0
1109,33114,339.0
1111,22722,285.0
1113,57961,608.0
1115,89512,975.0
1117,217702,1626.0
1119,12427,163.0
1121,79978,1044.0
1123,40367,534.0
1125,209355,1872.0
1127,63521,969.0
1129,16326,191.0
1131,10373,162.0
1133,23629,325.0
2013,3337,9.0
2016,5634,7.0
2020,288000,1847.0
2050,18386,150.0
2060,836,7.0
2068,2097,9.0
2070,4916,42.0
2090,96849,506.0
2100,2530,7.0
2105,2148,18.0
2110,31974,177.0
2122,58708,541.0
2130,13901,88.0
2150,12998,53.0
2158,8314,103.0
2164,1592,10.0
2170,108317,646.0
2180,10004,101.0
2185,9832,57.0
2188,7621,90.0
2195,3266,29.0
2198,6203,53.0
2220,8493,58.0
2230,1183,14.0
2240,6893,35.0
2261,9202,58.0
2275,2502,34.0
2282,579,1.0
2290,5230,69.0
4001,71887,702.0
4003,125922,1312.0
4005,143476,901.0
4007,54018,811.0
4009,38837,323.0
4011,9498,49.0
4012,21108,310.0
4013,4485414,33023.0
4015,212181,3375.0
4017,110924,1117.0
4019,1047279,10199.0
4021,462789,3330.0
4023,46498,316.0
4025,235099,3042.0
4027,213787,1713.0
5001,17486,216.0
5003,19657,251.0
5005,41932,695.0
5007,279141,1820.0
5009,37432,460.0
5011,10763,130.0
5013,5189,48.0
5015,28380,305.0
5017,10118,150.0
5019,22320,241.0
5021,14551,197.0
5023,24919,385.0
5025,7956,88.0
5027,23457,279.0
5029,20846,213.0
5031,110332,1030.0
5033,63257,658.0
5035,47955,534.0
5037,16419,207.0
5039,7009,79.0
5041,11361,172.0
5043,18219,198.0
5045,126007,920.0
5047,17715,190.0
5049,12477,201.0
5051,99386,1347.0
5053,18265,188.0
5055,45325,505.0
5057,21532,233.0
5059,33771,379.0
5061,13202,171.0
5063,37825,430.0
5065,13629,188.0
5067,16719,206.0
5069,66824,827.0
5071,26578,252.0
5073,6624,94.0
5075,16406,249.0
5077,8857,120.0
5079,13024,146.0
5081,12259,176.0
5083,21466,296.0
5085,73309,690.0
5087,16576,141.0
5089,16694,278.0
5091,43257,471.0
5093,40651,498.0
5095,6701,114.0
5097,8986,148.0
5099,8252,104.0
5101,7753,108.0
5103,23382,338.0
5105,10455,138.0
5107,17782,255.0
5109,10718,130.0
5111,23528,334.0
5113,19964,286.0
5115,64072,593.0
5117,8062,116.0
5119,391911,3795.0
5121,17958,255.0
5123,24994,315.0
5125,122437,1100.0
5127,10281,117.0
5129,7881,111.0
5131,127827,1276.0
5133,17007,149.0
5135,17442,240.0
5137,12506,166.0
5139,38682,550.0
5141,16545,250.0
5143,239187,1599.0
5145,78753,837.0
5147,6320,102.0
5149,21341,244.0
6001,1671329,10944.0
6003,1129,5.0
6005,39752,427.0
6007,219186,2527.0
6009,45905,528.0
6011,21547,129.0
6013,1153526,8478.0
6015,27812,255.0
6017,192843,1699.0
6019,999101,7467.0
6021,28393,251.0
6023,135558,1390.0
6025,181215,1079.0
6027,18039,172.0
6029,900202,6478.0
6031,152940,887.0
6033,64386,848.0
6035,30573,202.0
6037,10039107,68164.0
6039,157327,1060.0
6041,258826,1998.0
6043,17203,180.0
6045,86749,860.0
6047,277680,1787.0
6049,8841,100.0
6051,14444,30.0
6053,434061,2742.0
6055,137744,1279.0
6057,99755,986.0
6059,3175692,21518.0
6061,398329,3480.0
6063,18807,213.0
6065,2470546,18148.0
6067,1552058,12368.0
6069,62808,324.0
6071,2180085,15223.0
6073,3338330,23052.0
6075,881549,6359.0
6077,762148,5838.0
6079,283111,2465.0
6081,766573,5187.0
6083,446499,3288.0
6085,1927852,11258.0
6087,273213,1885.0
6089,180080,2297.0
6091,3005,37.0
6093,43539,525.0
6095,447643,3711.0
6097,494336,4379.0
6099,550660,4317.0
6101,96971,834.0
6103,65084,661.0
6105,12285,161.0
6107,466195,3209.0
6109,54478,621.0
6111,846006,6241.0
6113,220500,1386.0
6115,78668,583.0
8001,517421,3208.0
8003,16233,115.0
8005,656590,4149.0
8007,14029,93.0
8009,3581,46.0
8011,5577,57.0
8013,326196,1935.0
8014,70465,413.0
8015,20356,175.0
8017,1831,13.0
8019,9700,57.0
8021,8205,73.0
8023,3887,34.0
8025,6061,35.0
8027,5068,40.0
8029,31162,394.0
8031,727211,4995.0
8033,2055,10.0
8035,351154,1493.0
8037,55127,129.0
8039,26729,148.0
8041,720403,4845.0
8043,47839,564.0
8045,60061,380.0
8047,6243,24.0
8049,15734,66.0
8051,17462,70.0
8053,820,3.0
8055,6897,96.0
8057,1392,10.0
8059,582881,4599.0
8061,1406,11.0
8063,7097,74.0
8065,8127,28.0
8067,56221,367.0
8069,356899,2295.0
8071,14506,160.0
8073,5701,44.0
8075,22409,195.0
8077,154210,1515.0
8079,769,5.0
8081,13283,81.0
8083,26183,279.0
8085,42758,434.0
8087,29068,240.0
8089,18278,235.0
8091,4952,34.0
8093,18845,117.0
8095,4265,57.0
8097,17767,55.0
8099,12172,115.0
8101,168424,1834.0
8103,6324,43.0
8105,11267,113.0
8107,25638,133.0
8109,6824,59.0
8111,728,4.0
8113,8179,24.0
8115,2248,32.0
8117,31011,69.0
8119,25388,198.0
8121,4908,48.0
8123,324492,1856.0
8125,10019,93.0
9001,943332,6960.0
9003,891720,8275.0
9005,180333,1838.0
9007,162436,1552.0
9009,854757,7887.0
9011,265206,2521.0
9013,150721,1048.0
9015,116782,1068.0
10001,180786,1757.0
10003,558753,4916.0
10005,234225,2781.0
11001,705749,5677.0
12001,269043,2081.0
12003,29210,273.0
12005,174705,1989.0
12007,28201,349.0
12009,601942,7468.0
12011,1952778,16032.0
12013,14105,165.0
12015,188910,2841.0
12017,149657,2706.0
12019,219252,1877.0
12021,384902,3867.0
12023,71686,863.0
12027,38001,362.0
12029,16826,228.0
12031,957755,8855.0
12033,318316,3536.0
12035,115081,1385.0
12037,12125,111.0
12039,45660,522.0
12041,18582,206.0
12043,13811,129.0
12045,13639,186.0
12047,14428,129.0
12049,26937,193.0
12051,42022,356.0
12053,193920,2850.0
12055,106221,1627.0
12057,1471968,11696.0
12059,19617,250.0
12061,159923,2177.0
12063,46414,636.0
12065,14246,146.0
12067,8422,77.0
12069,367118,4431.0
12071,770577,7950.0
12073,293582,1945.0
12075,41503,551.0
12077,8354,77.0
12079,18493,239.0
12081,403253,4334.0
12083,365579,5162.0
12085,161000,2026.0
12086,2716940,21689.0
12087,74228,736.0
12089,88625,979.0
12091,210738,1940.0
12093,42168,447.0
12095,1393452,8890.0
12097,375751,2465.0
12099,1496770,15460.0
12101,553947,6466.0
12103,974996,12833.0
12105,724777,7237.0
12107,74521,1033.0
12109,264672,2105.0
12111,328297,3501.0
12113,184313,1692.0
12115,433742,6127.0
12117,471826,3672.0
12119,132420,2017.0
12121,44417,561.0
12123,21569,258.0
12125,15237,224.0
12127,553284,7178.0
12129,33739,276.0
12131,74071,718.0
12133,25473,305.0
13001,18386,213.0
13003,8165,61.0
13005,11164,108.0
13007,3038,22.0
13009,44890,480.0
13011,19234,158.0
13013,83240,659.0
13015,107738,982.0
13017,16700,225.0
13019,19397,237.0
13021,153159,1745.0
13023,12873,110.0
13025,19109,216.0
13027,15457,199.0
13029,39627,258.0
13031,79608,561.0
13033,22383,247.0
13035,24936,278.0
13037,6189,49.0
13039,54666,372.0
13043,10803,125.0
13045,119992,1093.0
13047,67580,676.0
13049,13392,107.0
13051,289430,2570.0
13053,10907,24.0
13055,24789,310.0
13057,258773,1656.0
13059,128331,806.0
13061,2834,35.0
13063,292256,1852.0
13065,6618,57.0
13067,760141,4719.0
13069,43273,411.0
13071,45600,471.0
13073,156714,1035.0
13075,17270,203.0
13077,148509,1096.0
13079,12404,133.0
13081,22372,289.0
13083,16116,183.0
13085,26108,239.0
13087,26404,331.0
13089,759297,5028.0
13091,20605,240.0
13093,13390,118.0
13095,87956,951.0
13097,146343,1047.0
13099,10190,142.0
13101,4006,12.0
13103,64296,478.0
13105,19194,266.0
13107,22646,274.0
13109,10654,128.0
13111,26188,349.0
13113,114421,897.0
13115,98498,1140.0
13117,244252,1340.0
13119,23349,300.0
13121,1063937,7418.0
13123,31369,367.0
13125,2971,35.0
13127,85292,923.0
13129,57963,571.0
13131,24633,264.0
13133,18324,228.0
13135,936250,4729.0
13137,45328,449.0
13139,204441,1600.0
13141,8457,120.0
13143,29792,347.0
13145,35236,332.0
13147,26205,312.0
13149,11923,128.0
13151,234561,1679.0
13153,157863,1284.0
13155,9416,114.0
13157,72977,614.0
13159,14219,138.0
13161,15115,150.0
13163,15362,226.0
13165,8676,107.0
13167,9643,113.0
13169,28735,292.0
13171,19077,236.0
13173,10423,114.0
13175,47546,561.0
13177,29992,245.0
13179,61435,384.0
13181,7921,94.0
13183,19559,113.0
13185,117406,993.0
13187,33610,300.0
13189,21312,251.0
13191,14378,141.0
13193,12947,160.0
13195,29880,308.0
13197,8359,90.0
13199,21167,268.0
13201,5718,85.0
13205,21863,236.0
13207,27578,342.0
13209,9172,86.0
13211,19276,172.0
13213,40096,416.0
13215,195769,1922.0
13217,111744,906.0
13219,40280,249.0
13221,15259,154.0
13223,168667,1079.0
13225,27546,283.0
13227,32591,349.0
13229,19465,226.0
13231,18962,189.0
13233,42613,489.0
13235,11137,114.0
13237,22119,276.0
13239,2299,24.0
13241,17137,212.0
13243,6778,71.0
13245,202518,2040.0
13247,90896,750.0
13249,5257,38.0
13251,13966,176.0
13253,8090,116.0
13255,66703,827.0
13257,25925,356.0
13259,6621,62.0
13261,29524,339.0
13263,6195,91.0
13265,1537,27.0
13267,25286,245.0
13269,8020,83.0
13271,15860,156.0
13273,8531,115.0
13275,44451,516.0
13277,40644,419.0
13279,26830,308.0
13281,12037,181.0
13283,6901,74.0
13285,69922,763.0
13287,7985,92.0
13289,8120,141.0
13291,24511,305.0
13293,26320,400.0
13295,69761,835.0
13297,94593,937.0
13299,35734,455.0
13301,5254,68.0
13303,20374,227.0
13305,29927,358.0
13307,2607,22.0
13309,7855,63.0
13311,30798,316.0
13313,104628,837.0
13315,8635,88.0
13317,9777,147.0
13319,8954,127.0
13321,20247,230.0
15001,201513,2003.0
15003,974563,8595.0
15005,86,0.0
15007,72293,704.0
15009,167417,1446.0
16001,481587,3055.0
16003,4294,27.0
16005,87808,709.0
16007,6125,63.0
16009,9298,99.0
16011,46811,377.0
16013,23021,106.0
16015,7831,58.0
16017,45739,438.0
16019,119062,863.0
16021,12245,132.0
16023,2597,26.0
16025,1106,6.0
16027,229849,1547.0
16029,7155,60.0
16031,24030,185.0
16033,845,2.0
16035,8756,96.0
16037,4315,38.0
16039,27511,195.0
16041,13876,105.0
16043,13099,92.0
16045,18112,203.0
16047,15179,117.0
16049,16667,179.0
16051,29871,163.0
16053,24412,152.0
16055,165697,1503.0
16057,40108,215.0
16059,8027,99.0
16061,3838,37.0
16063,5366,41.0
16065,39907,141.0
16067,21039,179.0
16069,40408,452.0
16071,4531,41.0
16073,11823,94.0
16075,23951,214.0
16077,7681,61.0
16079,12882,159.0
16081,12142,43.0
16083,86878,778.0
16085,11392,72.0
16087,10194,86.0
17001,65435,850.0
17003,5761,72.0
17005,16426,157.0
17007,53544,417.0
17009,6578,56.0
17011,32628,383.0
17013,4739,56.0
17015,14305,192.0
17017,12147,130.0
17019,209689,1389.0
17021,32304,396.0
17023,15441,199.0
17025,13184,173.0
17027,37562,367.0
17029,50621,500.0
17031,5150233,42432.0
17033,18667,217.0
17035,10766,109.0
17037,104897,729.0
17039,15638,205.0
17041,19465,175.0
17043,922921,6595.0
17045,17161,227.0
17047,6395,59.0
17049,34008,375.0
17051,21336,218.0
17053,12961,186.0
17055,38469,509.0
17057,34340,463.0
17059,4828,79.0
17061,12969,153.0
17063,51054,405.0
17065,8116,102.0
17067,17708,198.0
17069,3821,65.0
17071,6646,95.0
17073,48913,543.0
17075,27114,359.0
17077,56750,496.0
17079,9610,93.0
17081,37684,445.0
17083,21773,234.0
17085,21235,240.0
17087,12417,144.0
17089,532403,3464.0
17091,109862,1167.0
17093,128990,580.0
17095,49699,620.0
17097,696535,4780.0
17099,108669,1252.0
17101,15678,198.0
17103,34096,376.0
17105,35648,412.0
17107,28618,334.0
17109,29682,296.0
17111,307774,2198.0
17113,171517,1246.0
17115,104009,1223.0
17117,44926,561.0
17119,262966,2944.0
17121,37205,461.0
17123,11438,151.0
17125,13359,175.0
17127,13772,178.0
17129,12196,127.0
17131,15437,194.0
17133,34637,319.0
17135,28414,365.0
17137,33658,391.0
17139,14501,160.0
17141,50643,495.0
17143,179179,1826.0
17145,20916,228.0
17147,16344,159.0
17149,15561,176.0
17151,4177,39.0
17153,5335,75.0
17155,5739,55.0
17157,31782,379.0
17159,15513,187.0
17161,141879,1543.0
17163,259686,2723.0
17165,23491,343.0
17167,194672,2101.0
17169,6768,93.0
17171,4951,47.0
17173,21634,246.0
17175,5342,76.0
17177,44498,547.0
17179,131803,1444.0
17181,16653,224.0
17183,75758,945.0
17185,11520,114.0
17187,16844,178.0
17189,13887,143.0
17191,16215,211.0
17193,13537,199.0
17195,55175,649.0
17197,690743,4812.0
17199,66597,769.0
17201,282572,2928.0
17203,38459,391.0
18001,35777,261.0
18003,379299,3162.0
18005,83779,734.0
18007,8748,81.0
18009,11758,163.0
18011,67843,469.0
18013,15092,153.0
18015,20257,191.0
18017,37689,415.0
18019,118302,1197.0
18021,26225,288.0
18023,32399,320.0
18025,10577,121.0
18027,33351,327.0
18029,49458,457.0
18031,26559,273.0
18033,43475,406.0
18035,114135,1187.0
18037,42736,409.0
18039,206341,1669.0
18041,23102,285.0
18043,78522,758.0
18045,16346,180.0
18047,22758,211.0
18049,19974,207.0
18051,33659,385.0
18053,65769,810.0
18055,31922,416.0
18057,338011,1891.0
18059,78168,631.0
18061,40515,368.0
18063,170311,1139.0
18065,47972,549.0
18067,82544,950.0
18069,36520,390.0
18071,44231,456.0
18073,33562,331.0
18075,20436,226.0
18077,32308,350.0
18079,27735,302.0
18081,158167,1299.0
18083,36594,394.0
18085,79456,724.0
18087,39614,261.0
18089,485493,5029.0
18091,109888,1215.0
18093,45370,563.0
18095,129569,1445.0
18097,964582,8190.0
18099,46258,477.0
18101,10255,102.0
18103,35516,364.0
18105,148431,941.0
18107,38338,389.0
18109,70489,675.0
18111,13984,142.0
18113,47744,455.0
18115,5875,76.0
18117,19646,226.0
18119,20799,262.0
18121,16937,175.0
18123,19169,184.0
18125,12389,145.0
18127,170389,1635.0
18129,25427,261.0
18131,12353,135.0
18133,37576,344.0
18135,24665,269.0
18137,28324,300.0
18139,16581,184.0
18141,271826,2460.0
18143,23873,310.0
18145,44729,442.0
18147,20277,235.0
18149,22995,284.0
18151,34594,348.0
18153,20669,209.0
18155,10751,109.0
18157,195732,1204.0
18159,15148,157.0
18161,7054,66.0
18163,181451,1889.0
18165,15498,199.0
18167,107038,1169.0
18169,30996,406.0
18171,8265,84.0
18173,62998,617.0
18175,28036,302.0
18177,65884,866.0
18179,28296,246.0
18181,24102,282.0
18183,33964,312.0
19001,7152,77.0
19003,3602,38.0
19005,13687,178.0
19007,12426,170.0
19009,5496,63.0
19011,25645,263.0
19013,131228,1212.0
19015,26234,290.0
19017,25062,218.0
19019,21175,199.0
19021,19620,148.0
19023,14439,172.0
19025,9668,124.0
19027,20165,224.0
19029,12836,182.0
19031,18627,171.0
19033,42450,495.0
19035,11235,163.0
19037,11933,111.0
19039,9395,106.0
19041,16016,163.0
19043,17549,188.0
19045,46429,518.0
19047,16820,151.0
19049,93453,507.0
19051,9000,84.0
19053,7870,79.0
19055,17011,174.0
19057,38967,434.0
19059,17258,178.0
19061,97311,907.0
19063,9208,108.0
19065,19650,228.0
19067,15642,180.0
19069,10070,107.0
19071,6960,77.0
19073,8888,114.0
19075,12232,134.0
19077,10689,117.0
19079,14773,178.0
19081,10630,130.0
19083,16846,210.0
19085,14049,181.0
19087,19954,183.0
19089,9158,120.0
19091,9558,106.0
19093,6860,103.0
19095,16184,182.0
19097,19439,231.0
19099,37185,378.0
19101,18295,185.0
19103,151140,765.0
19105,20681,202.0
19107,10246,103.0
19109,14813,152.0
19111,33657,398.0
19113,226706,1801.0
19115,11035,113.0
19117,8600,91.0
19119,11755,115.0
19121,16338,154.0
19123,22095,217.0
19125,33253,327.0
19127,39369,478.0
19129,15109,134.0
19131,10586,123.0
19133,8615,137.0
19135,7707,79.0
19137,9917,135.0
19139,42664,372.0
19141,13753,182.0
19143,5958,67.0
19145,15107,194.0
19147,8886,108.0
19149,25177,231.0
19151,6619,85.0
19153,490161,3580.0
19155,93206,941.0
19157,18504,198.0
19159,4894,63.0
19161,9721,117.0
19163,172943,1509.0
19165,11454,132.0
19167,34855,254.0
19169,97117,526.0
19171,16854,193.0
19173,6121,62.0
19175,12241,138.0
19177,7044,96.0
19179,34969,392.0
19181,51466,439.0
19183,21965,225.0
19185,6441,88.0
19187,35904,418.0
19189,10354,119.0
19191,19991,187.0
19193,103107,900.0
19195,7381,69.0
19197,12562,161.0
20001,12369,161.0
20003,7858,96.0
20005,16073,170.0
20007,4427,48.0
20009,25779,304.0
20011,14534,146.0
20013,9564,121.0
20015,66911,637.0
20017,2648,14.0
20019,3250,40.0
20021,19939,264.0
20023,2657,43.0
20025,1994,22.0
20027,8002,106.0
20029,8786,124.0
20031,8179,84.0
20033,1700,15.0
20035,34908,413.0
20037,38818,361.0
20039,2827,39.0
20041,18466,199.0
20043,7600,71.0
20045,122259,687.0
20047,2798,21.0
20049,2530,33.0
20051,28553,248.0
20053,6102,68.0
20055,36467,208.0
20057,33619,219.0
20059,25544,250.0
20061,31670,187.0
20063,2636,35.0
20065,2482,38.0
20067,7150,34.0
20069,5988,41.0
20071,1232,9.0
20073,5982,71.0
20075,2539,17.0
20077,5436,91.0
20079,34429,332.0
20081,3968,21.0
20083,1794,25.0
20085,13171,131.0
20087,19043,149.0
20089,2879,34.0
20091,602401,4070.0
20093,3838,23.0
20095,7152,93.0
20097,2475,23.0
20099,19618,222.0
20101,1535,17.0
20103,81758,639.0
20105,2962,36.0
20107,9703,121.0
20109,2794,19.0
20111,33195,276.0
20113,28542,336.0
20115,11884,142.0
20117,9707,99.0
20119,4033,34.0
20121,34237,294.0
20123,5979,102.0
20125,31829,356.0
20127,5620,70.0
20129,2587,23.0
20131,10231,84.0
20133,16007,171.0
20135,2750,36.0
20137,5361,62.0
20139,15949,209.0
20141,3421,36.0
20143,5704,57.0
20145,6414,81.0
20147,5234,64.0
20149,24383,195.0
20151,9164,87.0
20153,2530,20.0
20155,61998,699.0
20157,4636,61.0
20159,9537,94.0
20161,74232,360.0
20163,4920,70.0
20165,3036,27.0
20167,6856,95.0
20169,54224,500.0
20171,4823,59.0
20173,516042,4511.0
20175,21428,110.0
20177,176875,1800.0
20179,2521,21.0
20181,5917,74.0
20183,3583,39.0
20185,4156,49.0
20187,2006,20.0
20189,5485,32.0
20191,22836,252.0
20193,7777,58.0
20195,2803,41.0
20197,6931,51.0
20199,1518,9.0
20201,5406,85.0
20203,2119,16.0
20205,8525,110.0
20207,3138,40.0
20209,165429,1423.0
21001,19202,216.0
21003,21315,242.0
21005,22747,211.0
21007,7888,98.0
21009,44249,519.0
21011,12500,161.0
21013,26032,379.0
21015,133581,939.0
21017,19788,235.0
21019,46718,597.0
21021,30060,317.0
21023,8303,100.0
21025,12630,205.0
21027,20477,214.0
21029,81676,653.0
21031,12879,143.0
21033,12747,164.0
21035,39001,407.0
21037,93584,887.0
21039,4760,48.0
21041,10631,125.0
21043,26797,336.0
21045,16159,202.0
21047,70461,627.0
21049,36263,414.0
21051,19901,245.0
21053,10218,109.0
21055,8806,108.0
21057,6614,104.0
21059,101511,1044.0
21061,12150,146.0
21063,7517,70.0
21065,14106,187.0
21067,323152,2405.0
21069,14581,161.0
21071,35589,522.0
21073,50991,539.0
21075,5969,90.0
21077,8869,84.0
21079,17666,185.0
21081,25069,250.0
21083,37266,420.0
21085,26427,316.0
21087,10941,137.0
21089,35098,471.0
21091,8722,77.0
21093,110958,972.0
21095,26010,400.0
21097,18886,218.0
21099,19035,191.0
21101,45210,520.0
21103,16126,166.0
21105,4380,63.0
21107,44686,545.0
21109,13329,168.0
21111,766757,7744.0
21113,54115,430.0
21115,22188,312.0
21117,166998,1501.0
21119,14806,205.0
21121,31145,419.0
21123,14398,157.0
21125,60813,673.0
21127,15317,225.0
21129,7403,98.0
21131,9877,163.0
21133,21553,310.0
21135,13275,164.0
21137,24549,288.0
21139,9194,122.0
21141,27102,307.0
21143,8210,122.0
21145,65418,823.0
21147,17231,192.0
21149,9207,113.0
21151,92987,767.0
21153,12161,172.0
21155,19273,197.0
21157,31100,435.0
21159,11195,148.0
21161,17070,190.0
21163,28572,253.0
21165,6489,91.0
21167,21933,298.0
21169,10071,128.0
21171,10650,142.0
21173,28157,291.0
21175,13309,158.0
21177,30622,394.0
21179,46233,419.0
21181,7269,96.0
21183,23994,271.0
21185,66799,414.0
21187,10901,109.0
21189,4415,65.0
21191,14590,164.0
21193,25758,409.0
21195,57876,808.0
21197,12359,154.0
21199,64979,791.0
21201,2108,22.0
21203,16695,243.0
21205,24460,215.0
21207,17923,224.0
21209,57004,437.0
21211,49024,389.0
21213,18572,180.0
21215,19351,147.0
21217,25769,302.0
21219,12294,126.0
21221,14651,163.0
21223,8471,94.0
21225,14381,160.0
21227,132896,1000.0
21229,12095,132.0
21231,20333,208.0
21233,12942,142.0
21235,36264,473.0
21237,7157,101.0
21239,26734,232.0
22001,62045,690.0
22003,25627,242.0
22005,126604,927.0
22007,21891,233.0
22009,40144,452.0
22011,37497,412.0
22013,13241,207.0
22015,127039,1119.0
22017,240204,2739.0
22019,203436,2050.0
22021,9918,120.0
22023,6973,66.0
22025,9494,115.0
22027,15670,200.0
22029,19259,239.0
22031,27463,292.0
22033,440059,3902.0
22035,6861,66.0
22037,19135,233.0
22039,33395,391.0
22041,20015,277.0
22043,22389,192.0
22045,69830,777.0
22047,32511,313.0
22049,15744,220.0
22051,432493,4345.0
22053,31368,410.0
22055,244390,1999.0
22057,97614,907.0
22059,14892,173.0
22061,46742,417.0
22063,140789,1170.0
22065,10951,150.0
22067,24874,346.0
22069,38158,398.0
22071,390144,3640.0
22073,153279,1648.0
22075,23197,195.0
22077,21730,253.0
22079,129648,1433.0
22081,8442,127.0
22083,20122,245.0
22085,23884,234.0
22087,47244,398.0
22089,53100,446.0
22091,10132,105.0
22093,21096,226.0
22095,42837,421.0
22097,82124,1017.0
22099,53431,537.0
22101,49348,557.0
22103,260419,2423.0
22105,134758,1383.0
22107,4334,56.0
22109,110461,1125.0
22111,22108,249.0
22113,59511,602.0
22115,47429,366.0
22117,46194,635.0
22119,38340,531.0
22121,26465,218.0
22123,10830,149.0
22125,15568,120.0
22127,13904,215.0
23001,108277,1084.0
23003,67055,865.0
23005,295003,2708.0
23007,30199,341.0
23009,54987,665.0
23011,122302,1390.0
23013,39772,452.0
23015,34634,425.0
23017,57975,697.0
23019,152148,1594.0
23021,16785,226.0
23023,35856,402.0
23025,50484,543.0
23027,39715,446.0
23029,31379,414.0
23031,207641,2083.0
24001,70416,874.0
24003,579234,4661.0
24005,827370,8601.0
24009,92525,722.0
24011,33406,349.0
24013,168447,1615.0
24015,102855,1004.0
24017,163257,1164.0
24019,31929,395.0
24021,259547,1859.0
24023,29014,345.0
24025,255441,2250.0
24027,325690,1845.0
24029,19422,284.0
24031,1050688,6344.0
24033,909327,6852.0
24035,50381,427.0
24037,113510,874.0
24039,25616,276.0
24041,37181,478.0
24043,151049,1619.0
24045,103609,1066.0
24047,52276,676.0
24510,593490,6873.0
25001,212990,2917.0
25003,124944,1460.0
25005,565217,5387.0
25007,17332,146.0
25009,789034,6946.0
25011,70180,703.0
25013,466372,4536.0
25015,160830,1306.0
25017,1611699,11911.0
25019,11399,57.0
25021,706775,5883.0
25023,521202,4757.0
25025,803907,5210.0
25027,830622,7345.0
26001,10405,167.0
26003,9108,109.0
26005,118081,925.0
26007,28405,342.0
26009,23324,276.0
26011,14883,206.0
26013,8209,117.0
26015,61550,581.0
26017,103126,1163.0
26019,17766,213.0
26021,153401,1688.0
26023,43517,419.0
26025,134159,1395.0
26027,51787,529.0
26029,26143,292.0
26031,25276,370.0
26033,37349,374.0
26035,30950,400.0
26037,79595,594.0
26039,14029,169.0
26041,35784,434.0
26043,25239,305.0
26045,110268,1003.0
26047,33415,310.0
26049,405813,4557.0
26051,25449,374.0
26053,13975,210.0
26055,93088,867.0
26057,40711,423.0
26059,45605,480.0
26061,35684,348.0
26063,30981,445.0
26065,292406,2246.0
26067,64697,550.0
26069,25127,385.0
26071,11066,178.0
26073,69872,460.0
26075,158510,1623.0
26077,265066,2209.0
26079,18038,173.0
26081,656955,4816.0
26083,2116,23.0
26085,11853,162.0
26087,87607,892.0
26089,21761,222.0
26091,98451,1007.0
26093,191995,1607.0
26095,6229,83.0
26097,10799,138.0
26099,873972,8548.0
26101,24558,308.0
26103,66699,679.0
26105,29144,306.0
26107,43453,357.0
26109,22780,233.0
26111,83156,743.0
26113,15118,160.0
26115,150500,1481.0
26117,63888,613.0
26119,9328,166.0
26121,173566,1770.0
26123,48980,532.0
26125,1257584,10978.0
26127,26467,267.0
26129,20997,281.0
26131,5720,106.0
26133,23460,251.0
26135,8241,114.0
26137,24668,286.0
26139,291830,1968.0
26141,12592,181.0
26143,24019,376.0
26145,190539,2138.0
26147,159128,1741.0
26149,60964,582.0
26151,41170,491.0
26153,8094,108.0
26155,68122,734.0
26157,52245,650.0
26159,75677,802.0
26161,367601,2448.0
26163,1749343,18385.0
26165,33631,341.0
27001,15886,207.0
27003,356921,2166.0
27005,34423,373.0
27007,47188,433.0
27009,40889,330.0
27011,4991,70.0
27013,67653,470.0
27015,25008,275.0
27017,35871,368.0
27019,105089,549.0
27021,29779,329.0
27023,11800,138.0
27025,56579,401.0
27027,64222,453.0
27029,8818,74.0
27031,5463,40.0
27033,11196,134.0
27035,65055,687.0
27037,429021,2688.0
27039,20934,146.0
27041,38141,430.0
27043,13653,158.0
27045,21067,237.0
27047,30281,352.0
27049,46340,454.0
27051,5972,59.0
27053,1265843,8750.0
27055,18600,196.0
27057,21491,199.0
27059,40596,327.0
27061,45130,502.0
27063,9846,109.0
27065,16337,142.0
27067,43199,370.0
27069,4298,52.0
27071,12229,149.0
27073,6623,98.0
27075,10641,134.0
27077,3740,40.0
27079,28887,222.0
27081,5639,75.0
27083,25474,228.0
27085,35893,325.0
27087,5527,60.0
27089,9336,86.0
27091,19683,224.0
27093,23222,216.0
27095,26277,268.0
27097,33386,367.0
27099,40062,370.0
27101,8194,86.0
27103,34274,259.0
27105,21629,186.0
27107,6375,90.0
27109,158293,1102.0
27111,58746,684.0
27113,14119,129.0
27115,29579,278.0
27117,9126,112.0
27119,31364,344.0
27121,11249,122.0
27123,550321,4234.0
27125,4055,29.0
27127,15170,159.0
27129,14548,167.0
27131,66972,490.0
27133,9315,94.0
27135,15165,123.0
27137,199070,2084.0
27139,149013,677.0
27141,97238,533.0
27143,14865,131.0
27145,161075,1044.0
27147,36649,308.0
27149,9805,78.0
27151,9266,98.0
27153,24664,204.0
27155,3259,38.0
27157,21627,186.0
27159,13682,177.0
27161,18612,149.0
27163,262440,1712.0
27165,10897,113.0
27167,6207,83.0
27169,50484,440.0
27171,138377,832.0
27173,9709,95.0
28001,30693,429.0
28003,36953,457.0
28005,12297,145.0
28007,18174,233.0
28009,8259,92.0
28011,30628,398.0
28013,14361,167.0
28015,9947,101.0
28017,17103,200.0
28019,8210,106.0
28021,8988,101.0
28023,15541,202.0
28025,19316,230.0
28027,22124,282.0
28029,28065,309.0
28031,18636,232.0
28033,184945,1427.0
28035,74897,764.0
28037,7713,88.0
28039,24500,249.0
28041,13586,126.0
28043,20758,288.0
28045,47632,473.0
28047,208080,2013.0
28049,231840,2122.0
28051,17010,221.0
28053,8064,109.0
28055,1327,15.0
28057,23390,254.0
28059,143617,1430.0
28061,16383,186.0
28063,6990,80.0
28065,11128,159.0
28067,68098,813.0
28069,9742,113.0
28071,54019,395.0
28073,63343,438.0
28075,74125,861.0
28077,12586,150.0
28079,22786,274.0
28081,85436,965.0
28083,28183,363.0
28085,34153,403.0
28087,58595,610.0
28089,106272,1107.0
28091,24573,307.0
28093,35294,446.0
28095,35252,413.0
28097,9775,151.0
28099,29118,377.0
28101,21018,271.0
28103,10417,128.0
28105,49587,366.0
28107,34192,411.0
28109,55535,681.0
28111,11973,115.0
28113,39288,531.0
28115,32174,282.0
28117,25126,280.0
28119,6792,110.0
28121,155271,1261.0
28123,28124,312.0
28125,4321,50.0
28127,26658,313.0
28129,15916,180.0
28131,18336,168.0
28133,25110,307.0
28135,13809,162.0
28137,28321,320.0
28139,22015,243.0
28141,19383,283.0
28143,9632,102.0
28145,28815,284.0
28147,14286,193.0
28149,45381,518.0
28151,43909,608.0
28153,20183,217.0
28155,9689,151.0
28157,8630,122.0
28159,17955,250.0
28161,12108,165.0
28163,29690,278.0
29001,25343,193.0
29003,17712,161.0
29005,5143,72.0
29007,25388,272.0
29009,35789,403.0
29011,11754,114.0
29013,16172,171.0
29015,19443,305.0
29017,12133,138.0
29019,180463,1156.0
29021,87364,893.0
29023,42478,566.0
29025,9020,100.0
29027,44743,436.0
29029,46305,535.0
29031,78871,738.0
29033,8679,114.0
29035,5982,89.0
29037,105780,993.0
29039,14349,207.0
29041,7426,98.0
29043,88595,664.0
29045,6797,67.0
29047,249948,1803.0
29049,20387,238.0
29051,76745,684.0
29053,17709,184.0
29055,23920,296.0
29057,7561,109.0
29059,16878,207.0
29061,8278,80.0
29063,12547,114.0
29065,15573,184.0
29067,13185,180.0
29069,29131,447.0
29071,103967,1047.0
29073,14706,197.0
29075,6571,90.0
29077,293086,2773.0
29079,9850,118.0
29081,8352,114.0
29083,21824,290.0
29085,9544,137.0
29087,4403,57.0
29089,10001,87.0
29091,40117,508.0
29093,10125,152.0
29095,703011,6497.0
29097,121328,1192.0
29099,225081,2150.0
29101,54062,378.0
29103,3959,51.0
29105,35723,396.0
29107,32708,371.0
29109,38355,461.0
29111,9776,103.0
29113,59013,467.0
29115,11920,163.0
29117,15227,165.0
29119,22837,220.0
29121,15117,193.0
29123,12088,177.0
29125,8697,91.0
29127,28530,310.0
29129,3617,42.0
29131,25619,276.0
29133,13180,190.0
29135,16132,165.0
29137,8644,92.0
29139,11551,140.0
29141,20627,289.0
29143,17076,242.0
29145,58236,619.0
29147,22092,186.0
29149,10529,146.0
29151,13615,131.0
29153,9174,131.0
29155,15805,236.0
29157,19136,222.0
29159,42339,424.0
29161,44573,421.0
29163,18302,189.0
29165,104418,693.0
29167,32149,388.0
29169,52607,297.0
29171,4696,55.0
29173,10309,76.0
29175,24748,239.0
29177,23018,279.0
29179,6270,91.0
29181,13288,204.0
29183,402022,2988.0
29185,9397,134.0
29186,17894,199.0
29187,67215,774.0
29189,994205,10264.0
29195,22761,241.0
29197,4660,49.0
29199,4902,40.0
29201,38280,454.0
29203,8166,81.0
29205,5930,51.0
29207,29025,388.0
29209,31952,403.0
29211,6089,71.0
29213,55928,555.0
29215,25398,290.0
29217,20563,227.0
29219,35649,313.0
29221,24730,271.0
29223,12873,201.0
29225,39592,378.0
29227,2013,18.0
29229,18289,243.0
29510,300576,3079.0
30001,9453,99.0
30003,13319,132.0
30005,6681,63.0
30007,6237,51.0
30009,10725,86.0
30011,1252,15.0
30013,81366,785.0
30015,5635,64.0
30017,11402,148.0
30019,1690,14.0
30021,8613,83.0
30023,9140,120.0
30025,2846,26.0
30027,11050,130.0
30029,103806,917.0
30031,114434,612.0
30033,1258,12.0
30035,13753,142.0
30037,821,5.0
30039,3379,34.0
30041,16484,161.0
30043,12221,138.0
30045,2007,14.0
30047,30458,331.0
30049,69432,653.0
30051,2337,20.0
30053,19980,282.0
30055,1664,15.0
30057,8600,78.0
30059,1862,17.0
30061,4397,56.0
30063,119600,887.0
30065,4633,70.0
30067,16606,166.0
30069,487,8.0
30071,3954,47.0
30073,5911,56.0
30075,1682,17.0
30077,6890,84.0
30079,1077,7.0
30081,43806,484.0
30083,10803,81.0
30085,11004,170.0
30087,8937,98.0
30089,12113,128.0
30091,3309,49.0
30093,34915,419.0
30095,9642,82.0
30097,3737,33.0
30099,6147,61.0
30101,4736,44.0
30103,696,2.0
30105,7396,58.0
30107,2126,21.0
30109,969,10.0
30111,161300,1485.0
31001,31363,316.0
31003,6298,59.0
31005,463,3.0
31007,745,3.0
31009,465,4.0
31011,5192,62.0
31013,10783,97.0
31015,1919,19.0
31017,2955,32.0
31019,49659,369.0
31021,6459,98.0
31023,8016,85.0
31025,26248,232.0
31027,8402,93.0
31029,3924,53.0
31031,5689,57.0
31033,8910,84.0
31035,6203,69.0
31037,10709,72.0
31039,8846,83.0
31041,10777,128.0
31043,20026,129.0
31045,8589,81.0
31047,23595,196.0
31049,1794,15.0
31051,5636,55.0
31053,36565,400.0
31055,571327,3996.0
31057,1693,24.0
31059,5462,66.0
31061,2979,27.0
31063,2627,15.0
31065,4676,55.0
31067,21513,255.0
31069,1837,18.0
31071,1969,29.0
31073,1990,18.0
31075,623,4.0
31077,2356,23.0
31079,61353,523.0
31081,9324,84.0
31083,3380,39.0
31085,922,5.0
31087,2762,37.0
31089,10067,120.0
31091,682,7.0
31093,6445,59.0
31095,7046,82.0
31097,5071,57.0
31099,6495,62.0
31101,8034,82.0
31103,806,8.0
31105,3632,43.0
31107,8332,99.0
31109,319090,2145.0
31111,34914,346.0
31113,748,8.0
31115,664,6.0
31117,494,2.0
31119,35099,369.0
31121,7755,81.0
31123,4642,42.0
31125,3519,28.0
31127,6972,67.0
31129,4148,61.0
31131,16012,154.0
31133,2613,31.0
31135,2891,26.0
31137,9034,92.0
31139,7148,67.0
31141,33470,281.0
31143,5213,63.0
31145,10724,123.0
31147,7865,118.0
31149,1357,14.0
31151,14224,131.0
31153,187196,1069.0
31155,21578,202.0
31157,35618,388.0
31159,17284,162.0
31161,5246,63.0
31163,3001,38.0
31165,1166,3.0
31167,5920,38.0
31169,5003,73.0
31171,722,0.0
31173,7224,83.0
31175,4158,46.0
31177,20729,176.0
31179,9385,68.0
31181,3487,47.0
31183,783,5.0
31185,13679,135.0
32001,24909,260.0
32003,2266715,17919.0
32005,48905,549.0
32007,52778,371.0
32009,873,7.0
32011,2029,10.0
32013,16831,112.0
32015,5532,37.0
32017,5183,62.0
32019,57510,619.0
32021,4505,100.0
32023,46523,735.0
32027,6725,43.0
32029,4123,21.0
32031,471519,4032.0
32033,9580,96.0
32510,55916,637.0
33001,61303,775.0
33003,48910,582.0
33005,76085,718.0
33007,31563,419.0
33009,89886,830.0
33011,417025,3390.0
33013,151391,1388.0
33015,309769,2519.0
33017,130633,1072.0
33019,43146,432.0
34001,263670,2793.0
34003,932202,7248.0
34005,445349,4022.0
34007,506471,4741.0
34009,92039,1299.0
34011,149527,1435.0
34013,798975,6457.0
34015,291636,2694.0
34017,672391,4371.0
34019,124371,1009.0
34021,367430,2987.0
34023,825062,6284.0
34025,618795,5867.0
34027,491845,3857.0
34029,607186,7091.0
34031,501826,3769.0
34033,62385,756.0
34035,328934,2613.0
34037,140488,1266.0
34039,556341,4195.0
34041,105267,969.0
35001,679121,5949.0
35003,3527,28.0
35005,64615,635.0
35006,26675,263.0
35007,11941,124.0
35009,48954,378.0
35011,1748,16.0
35013,218195,1615.0
35015,58460,550.0
35017,26998,325.0
35019,4300,43.0
35021,625,9.0
35023,4198,51.0
35025,71070,507.0
35027,19572,207.0
35028,19369,111.0
35029,23709,281.0
35031,71367,642.0
35033,4521,37.0
35035,67490,615.0
35037,8253,95.0
35039,38921,459.0
35041,18500,145.0
35043,146748,1145.0
35045,123958,1109.0
35047,27277,271.0
35049,150358,1191.0
35051,10791,236.0
35053,16637,148.0
35055,32723,317.0
35057,15461,150.0
35059,4059,37.0
35061,76688,699.0
36001,305506,2776.0
36003,46091,460.0
36005,1418207,11145.0
36007,190488,2113.0
36009,76117,848.0
36011,76576,711.0
36013,126903,1398.0
36015,83456,943.0
36017,47207,535.0
36019,80485,744.0
36021,59461,676.0
36023,47581,422.0
36025,44135,571.0
36027,294218,2765.0
36029,918702,9765.0
36031,36885,413.0
36033,50022,524.0
36035,53383,565.0
36037,57280,630.0
36039,47188,540.0
36041,4416,63.0
36043,61319,659.0
36045,109834,919.0
36047,2559903,18218.0
36049,26296,271.0
36051,62914,552.0
36053,70941,628.0
36055,741770,6693.0
36057,49221,533.0
36059,1356924,11312.0
36061,1628706,12171.0
36063,209281,2382.0
36065,228671,2490.0
36067,460528,4214.0
36069,109777,1079.0
36071,384940,2884.0
36073,40352,418.0
36075,117124,1090.0
36077,59493,648.0
36079,98320,784.0
36081,2253858,16380.0
36083,158714,1610.0
36085,476143,4147.0
36087,325789,2457.0
36089,107740,1082.0
36091,229863,2050.0
36093,155299,1486.0
36095,30999,313.0
36097,17807,187.0
36099,34016,313.0
36101,95379,1022.0
36103,1476601,13146.0
36105,75432,779.0
36107,48203,492.0
36109,102180,636.0
36111,177573,1743.0
36113,63944,674.0
36115,61204,681.0
36117,89918,873.0
36119,967506,7582.0
36121,39859,345.0
36123,24913,267.0
37001,169509,1646.0
37003,37497,399.0
37005,11137,133.0
37007,24446,272.0
37009,27203,350.0
37011,17557,215.0
37013,46994,628.0
37015,18947,268.0
37017,32722,468.0
37019,142820,1738.0
37021,261191,2700.0
37023,90485,1034.0
37025,216453,1688.0
37027,82178,969.0
37029,10867,63.0
37031,69473,894.0
37033,22604,245.0
37035,159551,1713.0
37037,74470,770.0
37039,28612,380.0
37041,13943,191.0
37043,11231,163.0
37045,97947,1219.0
37047,55508,761.0
37049,102139,1035.0
37051,335509,2644.0
37053,27763,243.0
37055,37009,360.0
37057,167609,1815.0
37059,42846,406.0
37061,58741,593.0
37063,321488,2235.0
37065,51472,634.0
37067,382295,3339.0
37069,69685,642.0
37071,224529,2422.0
37073,11562,142.0
37075,8441,99.0
37077,60443,599.0
37079,21069,223.0
37081,537174,4602.0
37083,50010,706.0
37085,135976,1105.0
37087,62317,766.0
37089,117417,1426.0
37091,23677,287.0
37093,55234,362.0
37095,4937,49.0
37097,181806,1685.0
37099,43938,371.0
37101,209339,1618.0
37103,9419,118.0
37105,61779,563.0
37107,55949,768.0
37109,86111,891.0
37111,45756,513.0
37113,35858,417.0
37115,21755,240.0
37117,22440,313.0
37119,1110356,6883.0
37121,14964,221.0
37123,27173,269.0
37125,100880,1169.0
37127,94298,1041.0
37129,234473,2034.0
37131,19483,297.0
37133,197938,1094.0
37135,148476,855.0
37137,12726,157.0
37139,39824,370.0
37141,63060,556.0
37143,13463,146.0
37145,39490,448.0
37147,180742,1432.0
37149,20724,308.0
37151,143667,1573.0
37153,44829,556.0
37155,130625,1378.0
37157,91010,1174.0
37159,142088,1570.0
37161,67029,862.0
37163,63531,685.0
37165,34823,427.0
37167,62806,715.0
37169,45591,556.0
37171,71783,874.0
37173,14271,221.0
37175,34385,394.0
37177,4016,48.0
37179,239859,1521.0
37181,44535,525.0
37183,1111761,6210.0
37185,19731,267.0
37187,11580,155.0
37189,56177,401.0
37191,123131,1384.0
37193,68412,817.0
37195,81801,944.0
37197,37667,426.0
37199,18069,211.0
38001,2216,28.0
38003,10415,126.0
38005,6832,69.0
38007,928,5.0
38009,6282,90.0
38011,3024,34.0
38013,2115,17.0
38015,95626,759.0
38017,181923,1116.0
38019,3762,50.0
38021,4872,55.0
38023,2264,22.0
38025,4424,17.0
38027,2287,37.0
38029,3241,49.0
38031,3210,32.0
38033,1761,9.0
38035,69451,526.0
38037,2274,24.0
38039,2231,31.0
38041,2499,23.0
38043,2480,15.0
38045,4046,41.0
38047,1850,25.0
38049,5745,60.0
38051,2497,46.0
38053,15024,64.0
38055,9450,98.0
38057,8187,81.0
38059,31364,290.0
38061,10545,97.0
38063,2879,50.0
38065,1959,6.0
38067,6801,84.0
38069,3975,55.0
38071,11519,130.0
38073,5218,73.0
38075,2327,26.0
38077,16177,126.0
38079,14176,187.0
38081,3898,33.0
38083,1315,7.0
38085,4230,74.0
38087,750,0.0
38089,31489,234.0
38091,1890,6.0
38093,20704,214.0
38095,2189,23.0
38097,8036,83.0
38099,10641,128.0
38101,67641,491.0
38103,3834,50.0
38105,37589,234.0
39001,27698,326.0
39003,102351,1079.0
39005,53484,580.0
39007,97241,1143.0
39009,65327,494.0
39011,45656,493.0
39013,67006,856.0
39015,43432,518.0
39017,383134,3467.0
39019,26914,303.0
39021,38885,398.0
39023,134083,1661.0
39025,206428,1833.0
39027,41968,458.0
39029,101883,1186.0
39031,36600,408.0
39033,41494,498.0
39035,1235072,13527.0
39037,51113,604.0
39039,38087,390.0
39041,209177,1237.0
39043,74266,916.0
39045,157574,1402.0
39047,28525,309.0
39049,1316756,10027.0
39051,42126,429.0
39053,29898,389.0
39055,93649,822.0
39057,168937,1490.0
39059,38875,462.0
39061,817473,7868.0
39063,75783,722.0
39065,31365,327.0
39067,15040,203.0
39069,27006,262.0
39071,43161,482.0
39073,28264,331.0
39075,43960,327.0
39077,58266,589.0
39079,32413,401.0
39081,65325,917.0
39083,62322,630.0
39085,230149,2481.0
39087,59463,793.0
39089,176862,1662.0
39091,45672,496.0
39093,309833,3093.0
39095,428348,4561.0
39097,44731,394.0
39099,228683,2934.0
39101,65093,731.0
39103,179746,1541.0
39105,22907,307.0
39107,41172,385.0
39109,106987,1050.0
39111,13654,196.0
39113,531687,5966.0
39115,14508,160.0
39117,35328,316.0
39119,86215,971.0
39121,14424,143.0
39123,40525,519.0
39125,18672,203.0
39127,36134,369.0
39129,58457,587.0
39131,27772,379.0
39133,162466,1462.0
39135,40882,463.0
39137,33861,317.0
39139,121154,1397.0
39141,76666,849.0
39143,58518,624.0
39145,75314,958.0
39147,55178,561.0
39149,48590,442.0
39151,370606,4092.0
39153,541013,5734.0
39155,197974,2477.0
39157,91987,1048.0
39159,58988,379.0
39161,28275,295.0
39163,13085,157.0
39165,234602,1858.0
39167,59911,725.0
39169,115710,1150.0
39171,36692,393.0
39173,130817,1115.0
39175,21772,253.0
40001,22194,285.0
40003,5702,54.0
40005,13758,130.0
40007,5311,46.0
40009,21859,238.0
40011,9429,104.0
40013,47995,542.0
40015,28762,390.0
40017,148306,1092.0
40019,48111,614.0
40021,48657,534.0
40023,14672,204.0
40025,2137,9.0
40027,284014,2105.0
40029,5495,69.0
40031,120749,1095.0
40033,5666,75.0
40035,14142,205.0
40037,71522,872.0
40039,29003,277.0
40041,43009,608.0
40043,4891,65.0
40045,3859,51.0
40047,61056,621.0
40049,27711,351.0
40051,55834,532.0
40053,4333,49.0
40055,5712,54.0
40057,2653,28.0
40059,3688,52.0
40061,12627,136.0
40063,13279,170.0
40065,24530,215.0
40067,6002,83.0
40069,11085,147.0
40071,43538,576.0
40073,15765,145.0
40075,8708,107.0
40077,10073,116.0
40079,49853,678.0
40081,34877,379.0
40083,48011,371.0
40085,10253,112.0
40087,40474,386.0
40089,32832,429.0
40091,19596,318.0
40093,7629,90.0
40095,16931,170.0
40097,41100,534.0
40099,14073,187.0
40101,67997,906.0
40103,11131,126.0
40105,10076,135.0
40107,11993,179.0
40109,797434,7172.0
40111,38465,547.0
40113,46963,522.0
40115,31127,470.0
40117,16376,200.0
40119,81784,592.0
40121,43654,616.0
40123,38284,509.0
40125,72592,841.0
40127,11096,144.0
40129,3583,25.0
40131,92459,898.0
40133,24258,354.0
40135,41569,545.0
40137,43143,571.0
40139,19983,149.0
40141,7250,78.0
40143,651552,6147.0
40145,81289,696.0
40147,51527,677.0
40149,10916,145.0
40151,8793,100.0
40153,20211,222.0
41001,16124,211.0
41003,93053,584.0
41005,418187,3559.0
41007,40224,398.0
41009,52354,503.0
41011,64487,937.0
41013,24404,266.0
41015,22925,345.0
41017,197692,1548.0
41019,110980,1473.0
41021,1912,27.0
41023,7199,86.0
41025,7393,78.0
41027,23382,171.0
41029,220944,2325.0
41031,24658,250.0
41033,87487,1190.0
41035,68238,834.0
41037,7869,102.0
41039,382067,3631.0
41041,49962,609.0
41043,129749,1310.0
41045,30571,260.0
41047,347818,2893.0
41049,11603,87.0
41051,812855,6050.0
41053,86085,703.0
41055,1780,11.0
41057,27036,303.0
41059,77950,665.0
41061,26835,280.0
41063,7208,71.0
41065,26682,299.0
41067,601592,3582.0
41069,1332,18.0
41071,107100,904.0
42001,103009,1013.0
42003,1216045,13695.0
42005,64735,881.0
42007,163929,2071.0
42009,47888,553.0
42011,421164,3885.0
42013,121829,1619.0
42015,60323,725.0
42017,628270,6111.0
42019,187853,1976.0
42021,130192,1727.0
42023,4447,70.0
42025,64182,801.0
42027,162385,1105.0
42029,524989,4194.0
42031,38438,440.0
42033,79255,943.0
42035,38632,396.0
42037,64964,730.0
42039,84629,961.0
42041,253370,2323.0
42043,278299,2577.0
42045,566747,5504.0
42047,29910,359.0
42049,269728,2801.0
42051,129274,1820.0
42053,7247,79.0
42055,155027,1632.0
42057,14530,153.0
42059,36233,430.0
42061,45144,532.0
42063,84073,896.0
42065,43425,519.0
42067,24763,252.0
42069,209674,2530.0
42071,545724,5160.0
42073,85512,1090.0
42075,141793,1504.0
42077,369318,3347.0
42079,317417,3953.0
42081,113299,1320.0
42083,40625,507.0
42085,109424,1431.0
42087,46138,527.0
42089,170271,1618.0
42091,830915,7831.0
42093,18230,221.0
42095,305285,2986.0
42097,90843,1093.0
42099,46272,459.0
42101,1584064,15561.0
42103,55809,527.0
42105,16526,216.0
42107,141359,1778.0
42109,40372,385.0
42111,73447,938.0
42113,6066,97.0
42115,40328,472.0
42117,40591,481.0
42119,44923,422.0
42121,50668,680.0
42123,39191,531.0
42125,206865,2509.0
42127,51361,615.0
42129,348899,4435.0
42131,26794,321.0
42133,449058,4121.0
44001,48479,517.0
44003,164292,1673.0
44005,82082,817.0
44007,638931,5548.0
44009,125577,1247.0
45001,24527,275.0
45003,170872,1824.0
45005,8688,102.0
45007,202558,2200.0
45009,14066,196.0
45011,20866,286.0
45013,192122,1741.0
45015,227907,1647.0
45017,14553,187.0
45019,411406,3629.0
45021,57300,624.0
45023,32244,424.0
45025,45650,571.0
45027,33745,408.0
45029,37677,570.0
45031,66618,840.0
45033,30479,372.0
45035,162809,1250.0
45037,27260,301.0
45039,22347,302.0
45041,138293,1558.0
45043,62680,879.0
45045,523542,4496.0
45047,70811,803.0
45049,19222,239.0
45051,354081,3879.0
45053,30073,282.0
45055,66551,794.0
45057,98012,1026.0
45059,67493,850.0
45061,16828,272.0
45063,298750,2555.0
45065,9463,153.0
45067,30657,444.0
45069,26118,310.0
45071,38440,454.0
45073,79546,958.0
45075,86175,1154.0
45077,126884,1206.0
45079,415759,3232.0
45081,20473,199.0
45083,319785,3178.0
45085,106721,1075.0
45087,27316,378.0
45089,30368,394.0
45091,280979,2227.0
46003,2751,24.0
46005,18453,182.0
46007,3365,33.0
46009,6901,62.0
46011,35077,204.0
46013,38839,353.0
46015,5297,41.0
46017,1962,37.0
46019,10429,98.0
46021,1376,6.0
46023,9292,106.0
46025,3736,30.0
46027,14070,80.0
46029,28009,235.0
46031,4086,58.0
46033,8972,89.0
46035,19775,199.0
46037,5424,84.0
46039,4351,44.0
46041,5892,71.0
46043,2921,32.0
46045,3829,41.0
46047,6713,100.0
46049,2299,20.0
46051,7052,70.0
46053,4185,53.0
46055,1899,11.0
46057,6164,55.0
46059,3191,28.0
46061,3453,9.0
46063,1298,6.0
46065,17526,161.0
46067,7291,94.0
46069,1301,9.0
46071,3344,20.0
46073,2013,20.0
46075,903,8.0
46077,4939,50.0
46079,12797,113.0
46081,25844,233.0
46083,61128,252.0
46085,3781,25.0
46087,5586,65.0
46089,2379,20.0
46091,4935,41.0
46093,28332,207.0
46095,2061,26.0
46097,2216,21.0
46099,193134,1415.0
46101,6576,55.0
46102,14177,172.0
46103,113775,920.0
46105,2865,21.0
46107,2153,26.0
46109,10394,111.0
46111,2344,17.0
46115,6376,69.0
46117,3098,7.0
46119,1391,11.0
46121,10177,131.0
46123,5441,56.0
46125,8384,91.0
46127,15932,112.0
46129,5435,65.0
46135,22814,207.0
46137,2756,25.0
47001,76978,932.0
47003,49713,482.0
47005,16160,259.0
47007,15064,154.0
47009,133088,1414.0
47011,108110,1113.0
47013,39842,581.0
47015,14678,155.0
47017,27767,394.0
47019,56391,760.0
47021,40667,403.0
47023,17297,159.0
47025,31959,427.0
47027,7615,101.0
47029,36004,496.0
47031,56520,658.0
47033,14230,180.0
47035,60520,843.0
47037,694144,5565.0
47039,11663,159.0
47041,20490,226.0
47043,53948,526.0
47045,37159,458.0
47047,41133,435.0
47049,18523,260.0
47051,42208,456.0
47053,49133,654.0
47055,29464,371.0
47057,23320,296.0
47059,69069,908.0
47061,13427,177.0
47063,64934,724.0
47065,367804,3718.0
47067,6620,93.0
47069,25050,289.0
47071,25652,356.0
47073,56786,731.0
47075,17304,233.0
47077,28117,309.0
47079,32345,481.0
47081,25178,283.0
47083,8201,93.0
47085,18582,254.0
47087,11786,163.0
47089,54495,668.0
47091,17788,237.0
47093,470313,4548.0
47095,7016,92.0
47097,25633,265.0
47099,44142,539.0
47101,12268,142.0
47103,34366,433.0
47105,54068,612.0
47107,53794,656.0
47109,25694,366.0
47111,24602,281.0
47113,97984,985.0
47115,28907,358.0
47117,34375,344.0
47119,96387,937.0
47121,12422,154.0
47123,46545,575.0
47125,208993,1415.0
47127,6488,50.0
47129,21403,229.0
47131,30069,417.0
47133,22241,314.0
47135,8076,104.0
47137,5048,67.0
47139,16832,235.0
47141,80245,781.0
47143,33167,405.0
47145,53382,725.0
47147,71813,664.0
47149,332285,2071.0
47151,22068,287.0
47153,15026,168.0
47155,98250,1063.0
47157,937166,8484.0
47159,20157,232.0
47161,13715,174.0
47163,158348,1967.0
47165,191283,1701.0
47167,61599,605.0
47169,11284,95.0
47171,17883,281.0
47173,19972,214.0
47175,5872,55.0
47177,41277,471.0
47179,129375,1365.0
47181,16673,197.0
47183,33328,359.0
47185,27345,369.0
47187,238412,1325.0
47189,144657,1167.0
48001,57735,754.0
48003,18705,189.0
48005,86715,997.0
48007,23510,365.0
48009,8553,144.0
48011,1887,20.0
48013,51153,435.0
48015,30032,274.0
48017,7000,39.0
48019,23112,239.0
48021,88723,727.0
48023,3509,47.0
48025,32565,234.0
48027,362924,2304.0
48029,2003554,14216.0
48031,11931,131.0
48033,654,5.0
48035,18685,250.0
48037,93245,1046.0
48039,374264,2498.0
48041,229211,1142.0
48043,9203,70.0
48045,1546,9.0
48047,7093,78.0
48049,37864,440.0
48051,18443,218.0
48053,48155,490.0
48055,43664,366.0
48057,21290,218.0
48059,13943,173.0
48061,423163,2788.0
48063,13094,131.0
48065,5926,55.0
48067,30026,405.0
48069,7530,57.0
48071,43837,275.0
48073,52646,553.0
48075,7306,49.0
48077,10471,122.0
48079,2853,10.0
48081,3387,46.0
48083,8175,118.0
48085,1034730,4956.0
48087,2920,34.0
48089,21493,247.0
48091,156209,1242.0
48093,13635,182.0
48095,2726,29.0
48097,41257,417.0
48099,75951,468.0
48101,1398,12.0
48103,4797,23.0
48105,3464,23.0
48107,5737,62.0
48109,2171,14.0
48111,7287,25.0
48113,2635516,17047.0
48115,12728,127.0
48117,18546,159.0
48119,5331,61.0
48121,887207,4243.0
48123,20160,232.0
48125,2211,20.0
48127,10124,85.0
48129,3278,39.0
48131,11157,124.0
48133,18360,245.0
48135,166223,1228.0
48137,1932,15.0
48139,184826,1342.0
48141,839238,5552.0
48143,42698,335.0
48145,17297,166.0
48147,35514,437.0
48149,25346,291.0
48151,3830,45.0
48153,5712,52.0
48155,1155,12.0
48157,811688,3762.0
48159,10725,135.0
48161,19717,223.0
48163,20306,158.0
48165,21492,121.0
48167,342139,2935.0
48169,6229,34.0
48171,26988,373.0
48173,1409,8.0
48175,7658,62.0
48177,20837,198.0
48179,21886,254.0
48181,136212,1494.0
48183,123945,1307.0
48185,28880,246.0
48187,166847,1158.0
48189,33406,299.0
48191,2964,27.0
48193,8461,116.0
48195,5399,35.0
48197,3933,40.0
48199,57602,595.0
48201,4713325,28172.0
48203,66553,701.0
48205,5576,25.0
48207,5658,66.0
48209,230191,1147.0
48211,3819,20.0
48213,82737,1105.0
48215,868707,4597.0
48217,36649,427.0
48219,23021,201.0
48221,61643,736.0
48223,37084,386.0
48225,22968,300.0
48227,36664,349.0
48229,4886,17.0
48231,98594,981.0
48233,20938,215.0
48235,1536,11.0
48237,8935,76.0
48239,14760,155.0
48241,35529,430.0
48243,2274,18.0
48245,251565,2538.0
48247,5200,57.0
48249,40482,407.0
48251,175817,1464.0
48253,20083,156.0
48255,15601,157.0
48257,136154,1056.0
48259,47431,392.0
48261,404,0.0
48263,762,6.0
48265,52600,747.0
48267,4337,66.0
48269,272,0.0
48271,3667,40.0
48273,30680,245.0
48275,3664,37.0
48277,49859,661.0
48279,12893,141.0
48281,21428,210.0
48283,7520,41.0
48285,20154,241.0
48287,17239,164.0
48289,17404,212.0
48291,88219,828.0
48293,23437,279.0
48295,3233,34.0
48297,12207,106.0
48299,21795,348.0
48301,169,0.0
48303,310569,2609.0
48305,5951,43.0
48307,7984,108.0
48309,256623,2231.0
48311,743,6.0
48313,14284,138.0
48315,9854,138.0
48317,5771,50.0
48319,4274,41.0
48321,36643,371.0
48323,58722,393.0
48325,51584,454.0
48327,2138,26.0
48329,176832,1140.0
48331,24823,285.0
48333,4873,71.0
48335,8545,64.0
48337,19818,258.0
48339,607391,4165.0
48341,20940,130.0
48343,12388,153.0
48345,1200,15.0
48347,65204,604.0
48349,50113,537.0
48351,13595,176.0
48353,14714,173.0
48355,362294,2976.0
48357,9836,64.0
48359,2112,12.0
48361,83396,940.0
48363,29189,343.0
48365,23194,267.0
48367,142878,1152.0
48369,9605,52.0
48371,15823,99.0
48373,51353,641.0
48375,117415,1135.0
48377,6704,46.0
48379,12514,138.0
48381,137713,1102.0
48383,3849,17.0
48385,3452,53.0
48387,12023,178.0
48389,15976,106.0
48391,6948,51.0
48393,854,9.0
48395,17074,170.0
48397,104915,639.0
48399,10264,123.0
48401,54406,557.0
48403,10542,144.0
48405,8237,118.0
48407,28859,315.0
48409,66730,584.0
48411,6055,79.0
48413,2793,26.0
48415,16703,182.0
48417,3265,31.0
48419,25274,296.0
48421,3022,14.0
48423,232751,2177.0
48425,9128,105.0
48427,64633,400.0
48429,9366,98.0
48431,1291,18.0
48433,1350,14.0
48435,3776,30.0
48437,7397,66.0
48439,2102515,13796.0
48441,138034,1423.0
48443,776,8.0
48445,12337,119.0
48447,1501,11.0
48449,32750,264.0
48451,119200,1071.0
48453,1273954,6196.0
48455,14651,232.0
48457,21672,268.0
48459,41753,437.0
48461,3657,18.0
48463,26741,253.0
48465,49025,379.0
48467,56590,656.0
48469,92084,835.0
48471,72971,593.0
48473,55246,336.0
48475,11998,90.0
48477,35882,383.0
48479,276652,1378.0
48481,41556,420.0
48483,5056,64.0
48485,132230,1363.0
48487,12769,143.0
48489,21358,183.0
48491,590551,3009.0
48493,51070,415.0
48495,8010,49.0
48497,69984,635.0
48499,45539,647.0
48501,8713,52.0
48503,18010,234.0
48505,14179,110.0
48507,11840,104.0
49001,6710,58.0
49003,56046,377.0
49005,128289,561.0
49007,20463,184.0
49009,950,1.0
49011,355481,1724.0
49013,19938,128.0
49015,10012,92.0
49017,5051,42.0
49019,9754,81.0
49021,54839,323.0
49023,12017,79.0
49025,7886,66.0
49027,13188,92.0
49029,12124,46.0
49031,1479,14.0
49033,2483,11.0
49035,1160437,6741.0
49037,15308,128.0
49039,30939,188.0
49041,21620,188.0
49043,42145,159.0
49045,72259,353.0
49047,35734,231.0
49049,636235,2419.0
49051,34091,145.0
49053,177556,1368.0
49055,2711,23.0
49057,260213,1621.0
50001,36777,341.0
50003,35470,447.0
50005,29993,278.0
50007,163774,1151.0
50009,6163,59.0
50011,49402,392.0
50013,7235,57.0
50015,25362,181.0
50017,28892,280.0
50019,27037,280.0
50021,58191,669.0
50023,58409,534.0
50025,42222,426.0
50027,55062,539.0
51001,32316,489.0
51003,109330,894.0
51005,14860,238.0
51007,13145,150.0
51009,31605,382.0
51011,15911,186.0
51013,236842,1020.0
51015,75558,759.0
51017,4147,62.0
51019,78997,867.0
51021,6280,79.0
51023,33419,359.0
51025,16231,222.0
51027,21004,309.0
51029,17148,157.0
51031,54885,577.0
51033,30725,289.0
51035,29791,383.0
51036,6963,92.0
51037,11880,158.0
51041,352802,2622.0
51043,14619,142.0
51045,5131,62.0
51047,52605,467.0
51049,9932,107.0
51051,14318,205.0
51053,28544,277.0
51057,10953,117.0
51059,1147532,5708.0
51061,71222,605.0
51063,15749,192.0
51065,27270,213.0
51067,56042,681.0
51069,89313,755.0
51071,16720,217.0
51073,37348,450.0
51075,23753,196.0
51077,15550,202.0
51079,19819,148.0
51081,11336,126.0
51083,33911,506.0
51085,107766,907.0
51087,330818,2832.0
51089,50557,744.0
51091,2190,31.0
51093,37109,397.0
51095,76523,778.0
51097,7025,94.0
51099,26836,169.0
51101,17148,141.0
51103,10603,206.0
51105,23423,329.0
51107,413538,1602.0
51109,37591,383.0
51111,12196,159.0
51113,13261,128.0
51115,8834,126.0
51117,30587,482.0
51119,10582,147.0
51121,98535,669.0
51125,14930,159.0
51127,23091,165.0
51131,11710,188.0
51133,12095,181.0
51135,15232,224.0
51137,37051,362.0
51139,23902,299.0
51141,17608,240.0
51143,60354,766.0
51145,29652,236.0
51147,22802,236.0
51149,38353,257.0
51153,470335,2152.0
51155,34027,452.0
51157,7370,71.0
51159,9023,105.0
51161,94186,1059.0
51163,22573,255.0
51165,81948,772.0
51167,26586,357.0
51169,21566,302.0
51171,43616,484.0
51173,30104,485.0
51175,17631,205.0
51177,136215,1017.0
51179,152882,813.0
51181,6422,68.0
51183,11159,129.0
51185,40595,621.0
51187,40164,395.0
51191,53740,692.0
51193,18015,222.0
51195,37383,479.0
51197,28684,397.0
51199,68280,523.0
51510,159428,782.0
51520,16762,235.0
51530,6478,74.0
51540,47266,312.0
51550,244835,1920.0
51570,17370,210.0
51580,5538,73.0
51590,40044,658.0
51595,5346,72.0
51600,24019,203.0
51610,14617,80.0
51620,7967,110.0
51630,29036,201.0
51640,6347,116.0
51650,134510,1307.0
51660,53016,283.0
51670,22529,296.0
51678,7446,58.0
51680,82168,792.0
51683,41085,207.0
51685,17478,37.0
51690,12554,239.0
51700,179225,1538.0
51710,242742,2077.0
51720,3981,46.0
51730,31346,495.0
51735,12271,113.0
51740,94398,1050.0
51750,18249,97.0
51760,230436,2046.0
51770,99143,1218.0
51775,25301,331.0
51790,24932,348.0
51800,92108,845.0
51810,449974,3319.0
51820,22630,249.0
51830,14954,74.0
51840,28078,256.0
53001,19983,100.0
53003,22582,266.0
53005,204390,1467.0
53007,77200,687.0
53009,77331,1061.0
53011,488241,3766.0
53013,3985,44.0
53015,110593,1134.0
53017,43429,325.0
53019,7627,81.0
53021,95222,460.0
53023,2225,28.0
53025,97733,719.0
53027,75061,886.0
53029,85141,762.0
53031,32221,396.0
53033,2252782,13917.0
53035,271473,2375.0
53037,47935,307.0
53039,22425,223.0
53041,80707,910.0
53043,10939,118.0
53045,66768,669.0
53047,42243,481.0
53049,22471,340.0
53051,13724,161.0
53053,904980,7284.0
53055,17582,132.0
53057,129205,1265.0
53059,12083,94.0
53061,822083,5850.0
53063,522798,4799.0
53065,45723,488.0
53067,290536,2377.0
53069,4488,46.0
53071,60760,575.0
53073,229247,1662.0
53075,50104,239.0
53077,250873,2093.0
54001,16441,207.0
54003,119171,1057.0
54005,21457,297.0
54007,13957,177.0
54009,21939,302.0
54011,91945,1086.0
54013,7109,85.0
54015,8508,109.0
54017,8448,88.0
54019,42406,670.0
54021,7823,79.0
54023,11568,129.0
54025,34662,503.0
54027,23175,260.0
54029,28810,440.0
54031,13776,162.0
54033,67256,877.0
54035,28576,361.0
54037,57146,515.0
54039,178124,2471.0
54041,15907,224.0
54043,20409,313.0
54045,32019,487.0
54047,17624,328.0
54049,56072,673.0
54051,30531,388.0
54053,26516,367.0
54055,58758,891.0
54057,26868,343.0
54059,23424,372.0
54061,105612,731.0
54063,13275,167.0
54065,17884,219.0
54067,24496,352.0
54069,41411,586.0
54071,6969,62.0
54073,7460,76.0
54075,8247,127.0
54077,33432,364.0
54079,56450,596.0
54081,73361,1052.0
54083,28695,385.0
54085,9554,156.0
54087,13688,186.0
54089,12573,155.0
54091,16695,199.0
54093,6839,128.0
54095,8591,108.0
54097,24176,285.0
54099,39402,537.0
54101,8114,114.0
54103,15065,243.0
54105,5821,54.0
54107,83518,1078.0
54109,20394,346.0
55001,20220,252.0
55003,15562,167.0
55005,45244,470.0
55007,15036,211.0
55009,264542,1817.0
55011,13031,126.0
55013,15414,167.0
55015,50089,356.0
55017,64658,576.0
55019,34774,313.0
55021,57532,519.0
55023,16131,181.0
55025,546695,3375.0
55027,87839,874.0
55029,27668,363.0
55031,43150,430.0
55033,45368,320.0
55035,104646,756.0
55037,4295,47.0
55039,103403,911.0
55041,9004,104.0
55043,51439,471.0
55045,36960,369.0
55047,18913,215.0
55049,23678,190.0
55051,5687,91.0
55053,20643,164.0
55055,84769,694.0
55057,26687,255.0
55059,169561,1369.0
55061,20434,192.0
55063,118016,997.0
55065,16665,152.0
55067,19189,236.0
55069,27593,291.0
55071,78981,816.0
55073,135692,1116.0
55075,40350,487.0
55077,15574,169.0
55078,4556,69.0
55079,945726,8226.0
55081,46253,435.0
55083,37930,391.0
55085,35595,461.0
55087,187885,1320.0
55089,89221,836.0
55091,7287,93.0
55093,42754,290.0
55095,43783,444.0
55097,70772,503.0
55099,13351,142.0
55101,196311,1664.0
55103,17252,187.0
55105,163354,1471.0
55107,14178,163.0
55109,90687,641.0
55111,64442,606.0
55113,16558,204.0
55115,40899,376.0
55117,115340,1079.0
55119,20343,188.0
55121,29649,253.0
55123,30822,326.0
55125,22195,308.0
55127,103868,947.0
55129,15720,225.0
55131,136034,1161.0
55133,404198,3587.0
55135,50990,724.0
55137,24443,243.0
55139,171907,1497.0
55141,72999,724.0
56001,38880,198.0
56003,11790,120.0
56005,46341,323.0
56007,14800,119.0
56009,13822,111.0
56011,7584,70.0
56013,39261,485.0
56015,13211,142.0
56017,4413,71.0
56019,8445,92.0
56021,99500,874.0
56023,19830,138.0
56025,79858,734.0
56027,2356,14.0
56029,29194,271.0
56031,8393,109.0
56033,30485,346.0
56035,9831,80.0
56037,42343,298.0
56039,23464,75.0
56041,20226,136.0
56043,7805,90.0
56045,6927,75.0
72001,17363,
72003,36694,
72005,50265,
72007,24814,
72009,22108,
72011,26161,
72013,81966,
72015,17238,
72017,23727,
72019,27725,
72021,169269,
72023,47515,
72025,124606,
72027,30504,
72029,44674,
72031,146984,
72033,23121,
72035,42409,
72037,10904,
72039,15808,
72041,38307,
72043,38336,
72045,18648,
72047,32293,
72049,1714,
72051,36141,
72053,29454,
72054,11317,
72055,15383,
72057,39465,
72059,17623,
72061,83728,
72063,47093,
72065,39218,
72067,15518,
72069,50653,
72071,40423,
72073,13891,
72075,44679,
72077,38155,
72079,22010,
72081,24276,
72083,7927,
72085,37007,
72087,24553,
72089,17665,
72091,37287,
72093,5430,
72095,10321,
72097,71530,
72099,34891,
72101,30335,
72103,25761,
72105,27349,
72107,20220,
72109,16211,
72111,19249,
72113,131881,
72115,22918,
72117,13656,
72119,48025,
72121,21712,
72123,27128,
72125,30227,
72127,318441,
72129,35989,
72131,35528,
72133,21209,
72135,72025,
72137,74271,
72139,63674,
72141,27395,
72143,36061,
72145,50023,
72147,8386,
72149,21372,
72151,32282,
72153,33575,
