fips_txt,Unemployed_2019,Unemployment_rate_2019
1001,714.0,2.7
1003,2653.0,2.7
1005,324.0,3.8
1007,266.0,3.1
1009,676.0,2.7
1011,175.0,3.6
1013,338.0,3.6
1015,1635.0,3.5
1017,462.0,2.9
1019,338.0,2.9
1021,538.0,2.7
1023,218.0,4.7
1025,436.0,5.8
1027,183.0,3.0
1029,183.0,3.2
1031,623.0,2.9
1033,885.0,3.7
1035,180.0,4.0
1037,135.0,3.0
1039,534.0,3.4
1041,183.0,2.8
1043,998.0,2.6
1045,642.0,3.1
1047,807.0,5.5
1049,870.0,2.8
1051,979.0,2.6
1053,514.0,3.5
1055,1428.0,3.3
1057,207.0,3.1
1059,405.0,2.8
1061,320.0,2.9
1063,161.0,5.6
1065,241.0,3.9
1067,247.0,3.6
1069,1390.0,3.0
1071,772.0,3.3
1073,9091.0,2.9
1075,179.0,3.1
1077,1388.0,3.3
1079,447.0,3.1
1081,2080.0,2.7
1083,1154.0,2.6
1085,204.0,5.7
1087,337.0,4.3
1089,4714.0,2.5
1091,271.0,3.5
1093,446.0,3.4
1095,1086.0,2.5
1097,7024.0,3.7
1099,356.0,4.9
1101,3260.0,3.1
1103,1500.0,2.6
1105,178.0,5.2
1107,276.0,3.5
1109,504.0,3.3
1111,292.0,3.0
1113,698.0,2.9
1115,1091.0,2.7
1117,2525.0,2.2
1119,219.0,4.5
1121,1213.0,3.4
1123,556.0,3.0
1125,2842.0,2.7
1127,830.0,3.3
1129,313.0,4.6
1131,195.0,7.1
1133,336.0,3.3
2013,68.0,2.8
2016,129.0,3.6
2020,7423.0,5.1
2050,905.0,12.9
2060,27.0,6.1
2068,88.0,8.5
2070,157.0,8.1
2090,2404.0,5.4
2100,99.0,8.9
2105,132.0,11.4
2110,756.0,4.4
2122,1778.0,6.8
2130,428.0,6.2
2150,330.0,5.6
2158,518.0,19.3
2164,70.0,9.9
2170,3240.0,6.9
2180,440.0,10.9
2185,224.0,6.4
2188,411.0,14.0
2195,121.0,8.7
2198,289.0,10.1
2220,181.0,4.2
2230,76.0,9.2
2240,252.0,9.0
2261,363.0,7.5
2275,77.0,7.7
2282,19.0,7.7
2290,345.0,14.0
4001,2019.0,9.9
4003,2899.0,5.7
4005,4301.0,5.5
4007,1192.0,5.5
4009,743.0,4.8
4011,178.0,3.9
4012,545.0,5.8
4013,92847.0,4.0
4015,4977.0,5.7
4017,3006.0,7.3
4019,22075.0,4.4
4021,9171.0,4.9
4023,1673.0,8.5
4025,4742.0,4.4
4027,16387.0,16.4
5001,286.0,3.0
5003,418.0,5.4
5005,650.0,4.0
5007,3601.0,2.6
5009,511.0,3.2
5011,185.0,4.1
5013,108.0,4.4
5015,400.0,3.1
5017,228.0,6.9
5019,368.0,3.8
5021,278.0,4.9
5023,418.0,4.5
5025,127.0,3.9
5027,410.0,4.5
5029,359.0,4.3
5031,1555.0,2.8
5033,894.0,3.3
5035,910.0,4.2
5037,314.0,4.2
5039,134.0,4.7
5041,241.0,4.5
5043,408.0,5.2
5045,1875.0,3.0
5047,252.0,3.4
5049,199.0,4.0
5051,1537.0,3.7
5053,267.0,3.2
5055,699.0,3.5
5057,380.0,3.8
5059,510.0,3.6
5061,186.0,3.3
5063,659.0,4.0
5065,269.0,5.5
5067,380.0,6.5
5069,1520.0,5.5
5071,469.0,4.6
5073,115.0,4.7
5075,284.0,4.2
5077,127.0,4.5
5079,173.0,4.4
5081,238.0,4.3
5083,373.0,4.3
5085,1109.0,3.2
5087,189.0,2.5
5089,267.0,4.0
5091,809.0,4.1
5093,891.0,5.1
5095,119.0,4.3
5097,138.0,4.6
5099,145.0,4.0
5101,117.0,3.5
5103,508.0,5.2
5105,175.0,4.1
5107,383.0,6.0
5109,164.0,3.9
5111,350.0,3.4
5113,339.0,4.2
5115,1251.0,4.3
5117,156.0,4.4
5119,6472.0,3.4
5121,284.0,3.9
5123,425.0,5.2
5125,1664.0,2.8
5127,147.0,3.4
5129,133.0,4.6
5131,1864.0,3.3
5133,265.0,4.8
5135,285.0,5.0
5137,223.0,4.7
5139,829.0,5.2
5141,286.0,5.0
5143,3053.0,2.4
5145,1519.0,4.5
5147,146.0,5.3
5149,336.0,4.0
6001,24671.0,2.9
6003,28.0,5.1
6005,572.0,3.8
6007,5080.0,5.1
6009,812.0,3.8
6011,1407.0,12.8
6013,17261.0,3.1
6015,555.0,5.7
6017,3237.0,3.5
6019,32668.0,7.2
6021,796.0,6.1
6023,2253.0,3.6
6025,13080.0,18.3
6027,310.0,3.5
6029,30216.0,7.7
6031,4566.0,7.9
6033,1471.0,5.0
6035,453.0,4.6
6037,227288.0,4.4
6039,4294.0,6.9
6041,3193.0,2.3
6043,350.0,4.6
6045,1546.0,4.0
6047,9360.0,8.1
6049,224.0,7.1
6051,313.0,3.7
6053,13799.0,6.2
6055,2104.0,2.8
6057,1617.0,3.3
6059,45087.0,2.8
6061,5839.0,3.1
6063,607.0,7.7
6065,46151.0,4.2
6067,26096.0,3.7
6069,1587.0,5.0
6071,37010.0,3.8
6073,50643.0,3.2
6075,12774.0,2.2
6077,19223.0,5.9
6079,4017.0,2.9
6081,9397.0,2.0
6083,8039.0,3.7
6085,26196.0,2.5
6087,6747.0,4.7
6089,3475.0,4.7
6091,71.0,5.4
6093,1118.0,6.5
6095,7855.0,3.7
6097,6966.0,2.7
6099,14701.0,6.0
6101,3345.0,7.3
6103,1422.0,5.5
6105,257.0,5.5
6107,19627.0,9.6
6109,951.0,4.5
6111,15221.0,3.6
6113,4438.0,4.1
6115,1815.0,6.1
8001,8065.0,2.9
8003,313.0,3.6
8005,9930.0,2.7
8007,220.0,3.2
8009,37.0,1.7
8011,56.0,2.9
8013,4640.0,2.4
8014,992.0,2.4
8015,235.0,2.4
8017,19.0,1.6
8019,150.0,2.5
8021,152.0,3.6
8023,74.0,3.9
8025,65.0,4.3
8027,63.0,3.0
8029,484.0,3.3
8031,11348.0,2.7
8033,35.0,3.0
8035,4662.0,2.4
8037,832.0,2.2
8039,335.0,2.2
8041,11282.0,3.3
8043,703.0,4.6
8045,889.0,2.7
8047,88.0,2.3
8049,213.0,2.1
8051,248.0,2.1
8053,16.0,3.7
8055,146.0,5.7
8057,23.0,2.3
8059,8598.0,2.5
8061,15.0,1.6
8063,73.0,1.7
8065,116.0,2.3
8067,810.0,2.5
8069,4859.0,2.4
8071,258.0,3.9
8073,56.0,2.3
8075,263.0,2.4
8077,2628.0,3.4
8079,12.0,2.3
8081,255.0,3.4
8083,552.0,4.2
8085,683.0,3.1
8087,436.0,2.6
8089,345.0,4.1
8091,71.0,2.9
8093,282.0,2.5
8095,42.0,1.6
8097,354.0,3.1
8099,168.0,2.6
8101,3129.0,4.1
8103,111.0,3.7
8105,226.0,4.1
8107,359.0,2.2
8109,144.0,4.0
8111,17.0,3.0
8113,163.0,2.8
8115,25.0,2.0
8117,419.0,1.8
8119,396.0,3.1
8121,59.0,2.0
8123,4331.0,2.5
8125,98.0,1.6
9001,17476.0,3.6
9003,18770.0,3.9
9005,3639.0,3.5
9007,2993.0,3.2
9009,18099.0,3.9
9011,4963.0,3.6
9013,2840.0,3.3
9015,2584.0,4.0
10001,3314.0,4.2
10003,11048.0,3.7
10005,4058.0,3.8
11001,22487.0,5.5
12001,4105.0,2.9
12003,368.0,3.1
12005,3255.0,3.9
12007,347.0,3.1
12009,9062.0,3.2
12011,31706.0,3.0
12013,197.0,4.1
12015,2626.0,3.7
12017,2281.0,4.8
12019,3251.0,3.0
12021,5586.0,3.1
12023,966.0,3.2
12027,499.0,3.5
12029,222.0,3.8
12031,16056.0,3.3
12033,4666.0,3.2
12035,1795.0,3.8
12037,164.0,3.5
12039,772.0,4.1
12041,245.0,3.4
12043,211.0,3.9
12045,277.0,4.8
12047,178.0,4.1
12049,428.0,5.0
12051,907.0,5.8
12053,3017.0,4.2
12055,1642.0,4.5
12057,23152.0,3.1
12059,246.0,3.5
12061,2508.0,3.8
12063,623.0,3.6
12065,187.0,3.3
12067,86.0,3.0
12069,5108.0,3.2
12071,10911.0,3.1
12073,4780.0,3.1
12075,621.0,3.7
12077,94.0,3.6
12079,281.0,3.8
12081,5611.0,3.1
12083,5289.0,3.8
12085,2333.0,3.1
12086,33065.0,2.4
12087,963.0,2.1
12089,1210.0,2.9
12091,2598.0,2.7
12093,617.0,3.5
12095,22173.0,2.9
12097,6046.0,3.3
12099,23969.0,3.3
12101,8310.0,3.5
12103,14713.0,3.0
12105,11280.0,3.7
12107,1150.0,4.3
12109,3494.0,2.6
12111,5722.0,3.9
12113,2455.0,3.0
12115,5849.0,3.1
12117,7444.0,2.9
12119,1502.0,4.6
12121,619.0,3.4
12123,295.0,3.6
12125,137.0,3.0
12127,8767.0,3.4
12129,434.0,2.9
12131,892.0,2.8
12133,330.0,3.4
13001,361.0,3.9
13003,143.0,3.0
13005,176.0,3.5
13007,55.0,4.7
13009,738.0,4.2
13011,264.0,2.7
13013,1138.0,2.8
13015,1654.0,3.3
13017,295.0,5.5
13019,298.0,4.0
13021,2647.0,3.9
13023,228.0,5.0
13025,294.0,4.1
13027,233.0,3.4
13029,548.0,3.0
13031,1370.0,3.7
13033,465.0,5.1
13035,360.0,3.4
13037,81.0,3.6
13039,756.0,3.6
13043,165.0,3.0
13045,1885.0,3.4
13047,999.0,3.0
13049,181.0,3.8
13051,4605.0,3.3
13053,91.0,4.6
13055,512.0,5.0
13057,3696.0,2.7
13059,2099.0,3.6
13061,61.0,6.9
13063,5816.0,4.2
13065,104.0,3.9
13067,12575.0,3.0
13069,731.0,3.9
13071,675.0,3.2
13073,2274.0,3.0
13075,270.0,3.4
13077,2184.0,2.9
13079,201.0,3.6
13081,368.0,3.9
13083,268.0,3.3
13085,349.0,2.8
13087,439.0,3.8
13089,13654.0,3.4
13091,381.0,5.4
13093,191.0,3.8
13095,1818.0,4.7
13097,2577.0,3.5
13099,171.0,3.9
13101,53.0,2.8
13103,889.0,2.9
13105,306.0,4.0
13107,440.0,5.3
13109,164.0,3.4
13111,380.0,3.3
13113,1729.0,3.0
13115,1689.0,3.8
13117,3339.0,2.7
13119,350.0,3.5
13121,19349.0,3.5
13123,417.0,3.5
13125,47.0,3.7
13127,1306.0,3.3
13129,951.0,3.4
13131,356.0,3.4
13133,270.0,3.9
13135,14728.0,3.0
13137,658.0,3.5
13139,2839.0,2.8
13141,135.0,5.5
13143,416.0,3.3
13145,510.0,3.1
13147,400.0,3.5
13149,175.0,3.3
13151,4086.0,3.5
13153,2340.0,3.3
13155,156.0,4.7
13157,968.0,2.7
13159,213.0,3.1
13161,279.0,4.6
13163,312.0,4.7
13165,160.0,5.1
13167,147.0,3.6
13169,434.0,3.2
13171,318.0,3.9
13173,147.0,3.9
13175,873.0,4.6
13177,449.0,3.1
13179,977.0,3.7
13181,137.0,3.9
13183,296.0,3.6
13185,1804.0,3.5
13187,519.0,3.1
13189,450.0,5.1
13191,219.0,3.6
13193,217.0,4.6
13195,405.0,3.0
13197,140.0,4.2
13199,401.0,4.5
13201,90.0,3.3
13205,385.0,4.6
13207,421.0,3.2
13209,200.0,5.3
13211,287.0,3.1
13213,780.0,5.0
13215,3513.0,4.5
13217,2010.0,3.9
13219,496.0,2.5
13221,223.0,3.2
13223,2519.0,2.9
13225,483.0,4.1
13227,455.0,3.0
13229,294.0,3.4
13231,268.0,3.0
13233,668.0,3.6
13235,156.0,3.8
13237,354.0,4.3
13239,40.0,5.0
13241,252.0,3.5
13243,122.0,4.8
13245,3843.0,4.5
13247,1690.0,3.8
13249,85.0,3.9
13251,275.0,5.4
13253,134.0,4.4
13255,1145.0,4.0
13257,412.0,3.9
13259,100.0,4.2
13261,609.0,4.8
13263,126.0,4.5
13265,28.0,4.9
13267,366.0,3.8
13269,124.0,4.0
13271,391.0,9.5
13273,177.0,5.0
13275,663.0,4.0
13277,663.0,3.4
13279,576.0,4.9
13281,188.0,4.8
13283,139.0,5.3
13285,1187.0,3.2
13287,120.0,3.8
13289,156.0,5.4
13291,321.0,3.1
13293,404.0,3.6
13295,1116.0,3.6
13297,1410.0,3.1
13299,569.0,3.7
13301,128.0,4.5
13303,291.0,4.1
13305,456.0,4.0
13307,50.0,5.0
13309,120.0,7.5
13311,430.0,2.6
13313,1927.0,4.4
13315,120.0,4.5
13317,173.0,4.5
13319,151.0,3.8
13321,345.0,3.9
15001,3143.0,3.4
15003,11626.0,2.6
15007,978.0,2.7
15009,2272.0,2.6
16001,6369.0,2.5
16003,117.0,6.8
16005,1206.0,2.8
16007,87.0,2.9
16009,215.0,5.2
16011,635.0,2.7
16013,323.0,2.6
16015,151.0,4.3
16017,836.0,4.2
16019,1364.0,2.4
16021,238.0,4.4
16023,37.0,2.6
16025,19.0,2.7
16027,3344.0,3.2
16029,110.0,2.7
16031,295.0,2.4
16033,14.0,3.7
16035,197.0,6.8
16037,94.0,4.2
16039,378.0,3.3
16041,165.0,2.3
16043,184.0,2.3
16045,273.0,3.3
16047,217.0,2.6
16049,298.0,4.5
16051,326.0,2.3
16053,315.0,2.6
16055,2845.0,3.6
16057,555.0,2.7
16059,170.0,4.8
16061,90.0,5.5
16063,96.0,3.6
16065,402.0,1.8
16067,291.0,2.5
16069,598.0,2.8
16071,53.0,2.3
16073,183.0,3.4
16075,415.0,3.6
16077,127.0,3.1
16079,304.0,5.9
16081,146.0,2.2
16083,1159.0,2.8
16085,216.0,3.9
16087,192.0,4.2
17001,1109.0,3.4
17003,127.0,6.2
17005,300.0,3.8
17007,1487.0,5.6
17009,72.0,2.4
17011,807.0,4.6
17013,113.0,4.8
17015,303.0,4.1
17017,253.0,4.1
17019,4102.0,3.8
17021,705.0,4.8
17023,348.0,4.5
17025,296.0,4.5
17027,640.0,3.1
17029,966.0,4.0
17031,98233.0,3.8
17033,375.0,4.3
17035,210.0,3.4
17037,2282.0,4.1
17039,325.0,4.3
17041,366.0,3.6
17043,14817.0,2.9
17045,383.0,4.2
17047,111.0,4.1
17049,630.0,3.3
17051,436.0,4.4
17053,279.0,4.3
17055,891.0,5.4
17057,853.0,5.6
17059,115.0,4.9
17061,260.0,4.3
17063,1136.0,4.5
17065,172.0,3.9
17067,397.0,4.7
17069,87.0,6.6
17071,175.0,4.8
17073,1202.0,4.8
17075,608.0,4.2
17077,1071.0,3.8
17079,198.0,4.2
17081,805.0,4.6
17083,489.0,4.4
17085,441.0,4.1
17087,250.0,6.0
17089,12162.0,4.4
17091,2811.0,5.0
17093,2272.0,3.3
17095,1085.0,5.0
17097,15603.0,4.1
17099,2921.0,5.3
17101,307.0,5.2
17103,706.0,4.0
17105,679.0,4.1
17107,554.0,4.3
17109,628.0,4.7
17111,5488.0,3.3
17113,3326.0,3.8
17115,2577.0,5.3
17117,989.0,4.3
17119,5291.0,3.9
17121,791.0,4.5
17123,258.0,4.8
17125,338.0,5.3
17127,316.0,5.6
17129,247.0,3.8
17131,407.0,5.0
17133,589.0,3.1
17135,616.0,5.2
17137,668.0,4.0
17139,254.0,3.3
17141,1215.0,4.8
17143,4368.0,5.1
17145,431.0,5.1
17147,313.0,3.6
17149,306.0,4.3
17151,94.0,5.6
17153,131.0,6.6
17155,154.0,5.0
17157,529.0,3.7
17159,298.0,4.1
17161,3560.0,4.9
17163,5677.0,4.5
17165,514.0,5.3
17167,4092.0,4.0
17169,138.0,4.2
17171,120.0,4.7
17173,417.0,3.9
17175,146.0,5.7
17177,955.0,4.4
17179,2835.0,4.4
17181,424.0,5.7
17183,1711.0,5.1
17185,226.0,3.8
17187,349.0,4.1
17189,259.0,2.5
17191,335.0,4.8
17193,254.0,3.8
17195,1230.0,4.3
17197,13634.0,3.8
17199,1381.0,4.3
17201,7948.0,5.7
17203,705.0,3.7
18001,470.0,2.7
18003,5876.0,3.1
18005,1125.0,2.5
18007,146.0,3.2
18009,198.0,4.0
18011,897.0,2.5
18013,232.0,3.0
18015,309.0,3.0
18017,629.0,3.5
18019,2058.0,3.3
18021,430.0,3.5
18023,462.0,2.7
18025,202.0,4.1
18027,435.0,2.6
18029,921.0,3.6
18031,434.0,2.9
18033,642.0,2.8
18035,2092.0,3.9
18037,555.0,2.4
18039,3473.0,3.1
18041,416.0,4.7
18043,1321.0,3.2
18045,283.0,3.5
18047,394.0,3.4
18049,315.0,3.2
18051,491.0,2.5
18053,1185.0,3.7
18055,564.0,4.1
18057,4657.0,2.5
18059,1153.0,2.8
18061,659.0,3.2
18063,2446.0,2.7
18065,730.0,3.3
18067,1483.0,4.0
18069,599.0,3.3
18071,606.0,2.6
18073,604.0,3.7
18075,287.0,3.0
18077,511.0,3.4
18079,448.0,3.3
18081,2241.0,2.7
18083,573.0,3.1
18085,1190.0,2.8
18087,559.0,2.8
18089,11355.0,4.9
18091,2050.0,4.3
18093,766.0,3.6
18095,2190.0,3.7
18097,16116.0,3.3
18099,726.0,3.1
18101,141.0,2.6
18103,606.0,3.9
18105,2338.0,3.3
18107,577.0,3.1
18109,1128.0,3.1
18111,289.0,4.1
18113,737.0,3.1
18115,112.0,3.5
18117,300.0,3.5
18119,375.0,4.0
18121,269.0,3.8
18123,308.0,3.3
18125,203.0,3.3
18127,3263.0,3.7
18129,374.0,2.7
18131,202.0,3.1
18133,582.0,3.5
18135,425.0,3.7
18137,466.0,3.3
18139,241.0,2.7
18141,4933.0,3.6
18143,379.0,3.6
18145,675.0,2.9
18147,340.0,3.1
18149,432.0,4.3
18151,553.0,2.7
18153,359.0,4.3
18155,167.0,3.3
18157,2903.0,2.9
18159,253.0,2.7
18161,117.0,3.3
18163,2906.0,3.1
18165,366.0,5.2
18167,2083.0,4.3
18169,471.0,3.1
18171,127.0,3.0
18173,962.0,2.9
18175,456.0,3.3
18177,1105.0,3.6
18179,391.0,2.7
18181,367.0,2.7
18183,527.0,2.9
19001,101.0,2.4
19003,38.0,1.7
19005,263.0,3.5
19007,215.0,3.6
19009,79.0,2.5
19011,406.0,3.0
19013,2269.0,3.2
19015,360.0,2.4
19017,329.0,2.3
19019,318.0,2.8
19021,251.0,2.1
19023,257.0,3.2
19025,110.0,2.6
19027,216.0,1.9
19029,198.0,2.8
19031,272.0,2.5
19033,657.0,2.7
19035,157.0,2.5
19037,189.0,2.9
19039,144.0,2.9
19041,239.0,2.8
19043,376.0,3.7
19045,863.0,3.7
19047,295.0,3.6
19049,988.0,2.0
19051,122.0,2.9
19053,99.0,2.2
19055,252.0,2.4
19057,777.0,4.0
19059,295.0,2.9
19061,1502.0,2.6
19063,136.0,2.6
19065,383.0,3.6
19067,320.0,3.6
19069,136.0,2.3
19071,103.0,2.8
19073,132.0,2.4
19075,183.0,2.8
19077,170.0,3.0
19079,200.0,2.9
19081,145.0,2.4
19083,262.0,3.2
19085,183.0,2.4
19087,264.0,2.7
19089,148.0,2.8
19091,138.0,2.7
19093,83.0,2.0
19095,236.0,2.2
19097,352.0,3.2
19099,589.0,2.9
19101,251.0,2.4
19103,1783.0,2.0
19105,344.0,3.2
19107,173.0,3.3
19109,190.0,2.2
19111,644.0,3.9
19113,3622.0,2.9
19115,188.0,3.1
19117,97.0,2.1
19119,118.0,1.6
19121,318.0,3.6
19123,305.0,2.5
19125,399.0,2.1
19127,823.0,4.5
19129,175.0,2.3
19131,118.0,1.7
19133,134.0,3.0
19135,125.0,3.1
19137,135.0,2.7
19139,636.0,2.9
19141,181.0,2.2
19143,69.0,1.9
19145,168.0,2.6
19147,108.0,2.2
19149,338.0,2.2
19151,88.0,1.9
19153,7753.0,2.8
19155,1198.0,2.4
19157,281.0,2.7
19159,72.0,2.9
19161,127.0,2.4
19163,3024.0,3.3
19165,144.0,2.1
19167,401.0,1.9
19169,1100.0,1.9
19171,300.0,3.1
19173,62.0,1.9
19175,206.0,3.2
19177,101.0,2.7
19179,664.0,3.7
19181,730.0,2.5
19183,303.0,2.5
19185,74.0,2.6
19187,615.0,3.1
19189,144.0,2.8
19191,346.0,2.9
19193,1532.0,2.7
19195,120.0,2.8
19197,183.0,2.6
20001,227.0,3.5
20003,137.0,3.3
20005,361.0,5.2
20007,58.0,2.5
20009,423.0,3.1
20011,284.0,4.2
20013,169.0,3.2
20015,1049.0,3.2
20017,42.0,2.8
20019,56.0,3.9
20021,348.0,3.4
20023,32.0,2.4
20025,25.0,2.3
20027,121.0,3.2
20029,122.0,3.2
20031,182.0,4.5
20033,23.0,2.6
20035,549.0,3.4
20037,726.0,3.9
20039,37.0,3.0
20041,314.0,3.6
20043,139.0,3.4
20045,1918.0,2.9
20047,38.0,2.6
20049,43.0,3.7
20051,387.0,2.3
20053,77.0,2.8
20055,481.0,2.3
20057,424.0,2.5
20059,466.0,3.3
20061,500.0,4.4
20063,31.0,2.1
20065,34.0,3.1
20067,92.0,2.9
20069,64.0,2.0
20071,18.0,2.3
20073,102.0,3.2
20075,30.0,1.9
20077,73.0,2.5
20079,494.0,2.9
20081,50.0,2.3
20083,24.0,2.4
20085,208.0,2.9
20087,308.0,3.1
20089,36.0,2.8
20091,9321.0,2.8
20093,48.0,2.3
20095,109.0,3.2
20097,30.0,2.3
20099,400.0,4.0
20101,20.0,2.6
20103,1249.0,3.4
20105,39.0,2.3
20107,264.0,5.9
20109,33.0,2.0
20111,567.0,3.4
20113,382.0,2.2
20115,177.0,3.0
20117,157.0,2.9
20119,50.0,2.3
20121,578.0,3.3
20123,80.0,2.4
20125,605.0,4.1
20127,81.0,2.7
20129,33.0,2.9
20131,148.0,2.8
20133,280.0,4.6
20135,34.0,2.5
20137,59.0,2.2
20139,284.0,3.6
20141,41.0,2.0
20143,82.0,2.7
20145,82.0,2.9
20147,69.0,2.6
20149,348.0,2.8
20151,124.0,2.5
20153,33.0,2.2
20155,950.0,3.2
20157,58.0,2.6
20159,145.0,2.8
20161,984.0,2.8
20163,90.0,3.5
20165,46.0,2.8
20167,96.0,2.9
20169,907.0,3.0
20171,54.0,1.9
20173,8678.0,3.5
20175,294.0,3.1
20177,3015.0,3.3
20179,31.0,2.2
20181,78.0,2.7
20183,50.0,2.5
20185,54.0,2.7
20187,25.0,2.5
20189,67.0,2.6
20191,366.0,3.4
20193,97.0,2.3
20195,40.0,2.8
20197,118.0,3.2
20199,21.0,2.6
20201,77.0,2.6
20203,27.0,2.0
20205,156.0,4.0
20207,68.0,4.2
20209,3334.0,4.3
21001,380.0,5.3
21003,378.0,4.2
21005,448.0,3.7
21007,201.0,5.7
21009,851.0,4.5
21011,288.0,6.2
21013,543.0,6.4
21015,2424.0,3.4
21017,372.0,3.8
21019,1013.0,5.7
21021,587.0,4.7
21023,187.0,4.9
21025,262.0,7.5
21027,423.0,5.3
21029,1774.0,4.1
21031,247.0,4.8
21033,273.0,5.0
21035,767.0,4.1
21037,1782.0,3.5
21039,93.0,4.2
21041,212.0,4.0
21043,812.0,8.3
21045,280.0,4.2
21047,1402.0,5.6
21049,679.0,3.9
21051,365.0,7.0
21053,221.0,5.5
21055,185.0,4.9
21057,134.0,4.2
21059,1837.0,3.9
21061,239.0,4.9
21063,168.0,8.2
21065,268.0,5.0
21067,5836.0,3.3
21069,334.0,5.4
21071,708.0,6.4
21073,941.0,3.7
21075,117.0,5.7
21077,164.0,4.0
21079,358.0,4.6
21081,488.0,4.1
21083,727.0,4.6
21085,552.0,5.0
21087,224.0,4.4
21089,884.0,6.6
21091,153.0,3.8
21093,2025.0,4.1
21095,645.0,9.6
21097,379.0,4.3
21099,378.0,4.7
21101,846.0,3.8
21103,303.0,3.7
21105,86.0,4.8
21107,848.0,4.6
21109,267.0,6.5
21111,16145.0,4.0
21113,971.0,3.6
21115,447.0,6.6
21117,3137.0,3.6
21119,310.0,6.9
21121,595.0,6.0
21123,271.0,4.5
21125,1209.0,4.9
21127,367.0,7.1
21129,117.0,5.7
21131,223.0,8.2
21133,471.0,7.4
21135,413.0,8.9
21137,472.0,5.0
21139,210.0,5.7
21141,509.0,4.0
21143,146.0,4.7
21145,1439.0,4.9
21147,284.0,6.0
21149,187.0,4.4
21151,1832.0,3.9
21153,346.0,11.0
21155,376.0,3.9
21157,705.0,4.7
21159,190.0,6.9
21161,411.0,5.8
21163,570.0,4.6
21165,161.0,6.9
21167,468.0,4.6
21169,197.0,4.8
21171,184.0,3.9
21173,621.0,5.3
21175,246.0,5.4
21177,651.0,6.2
21179,1059.0,4.5
21181,146.0,4.4
21183,501.0,5.1
21185,1098.0,3.3
21187,236.0,4.6
21189,80.0,7.0
21191,267.0,3.8
21193,502.0,6.1
21195,1158.0,5.8
21197,271.0,5.4
21199,1252.0,4.7
21201,44.0,5.4
21203,321.0,4.8
21205,552.0,5.3
21207,357.0,5.7
21209,1025.0,3.5
21211,876.0,3.4
21213,405.0,4.5
21215,365.0,3.6
21217,545.0,4.3
21219,215.0,3.9
21221,283.0,4.7
21223,170.0,4.4
21225,276.0,4.5
21227,2544.0,3.9
21229,245.0,3.9
21231,432.0,5.8
21233,234.0,4.0
21235,708.0,5.2
21237,140.0,7.1
21239,468.0,3.1
22001,1269.0,5.3
22003,499.0,5.7
22005,2635.0,4.1
22007,542.0,6.1
22009,883.0,5.8
22011,757.0,5.2
22013,326.0,5.9
22015,2475.0,4.3
22017,5546.0,5.4
22019,4338.0,4.1
22021,229.0,6.1
22023,148.0,3.8
22025,217.0,6.4
22027,331.0,5.7
22029,453.0,6.5
22031,652.0,6.0
22033,10156.0,4.4
22035,200.0,10.6
22037,367.0,4.6
22039,703.0,5.9
22041,529.0,7.2
22043,475.0,5.8
22045,1525.0,5.4
22047,833.0,5.9
22049,322.0,4.7
22051,8929.0,4.2
22053,624.0,4.7
22055,4922.0,4.3
22057,1884.0,4.5
22059,286.0,4.3
22061,1179.0,5.4
22063,2801.0,4.1
22065,283.0,8.1
22067,833.0,8.3
22069,987.0,6.0
22071,8713.0,4.9
22073,3736.0,5.3
22075,433.0,4.3
22077,528.0,5.4
22079,2804.0,5.1
22081,192.0,5.1
22083,518.0,6.3
22085,467.0,5.1
22087,969.0,4.9
22089,1085.0,4.3
22091,260.0,6.1
22093,554.0,6.0
22095,1102.0,5.6
22097,2000.0,6.3
22099,1133.0,5.1
22101,1173.0,5.9
22103,4965.0,4.2
22105,3007.0,5.5
22107,116.0,8.3
22109,2145.0,4.6
22111,528.0,5.8
22113,1217.0,5.1
22115,977.0,6.2
22117,990.0,5.9
22119,884.0,6.1
22121,619.0,4.5
22123,387.0,10.7
22125,220.0,4.1
22127,309.0,6.3
23001,1631.0,3.0
23003,1391.0,4.6
23005,3920.0,2.4
23007,548.0,3.8
23009,1025.0,3.5
23011,1823.0,2.9
23013,589.0,2.9
23015,499.0,3.0
23017,952.0,3.6
23019,2497.0,3.2
23021,271.0,3.7
23023,446.0,2.3
23025,1001.0,4.5
23027,660.0,3.2
23029,635.0,4.6
23031,3090.0,2.7
24001,1679.0,5.2
24003,9712.0,3.1
24005,16917.0,3.7
24009,1596.0,3.2
24011,658.0,3.6
24013,2821.0,2.9
24015,2130.0,4.0
24017,3194.0,3.6
24019,746.0,4.8
24021,4308.0,3.2
24023,700.0,4.4
24025,4750.0,3.3
24027,5191.0,2.7
24029,409.0,4.0
24031,16556.0,2.9
24033,19288.0,3.8
24035,869.0,3.1
24037,1903.0,3.3
24039,563.0,6.1
24041,662.0,3.4
24043,2912.0,3.9
24045,2397.0,4.6
24047,1906.0,7.4
24510,14832.0,5.1
25001,4448.0,3.9
25003,2285.0,3.5
25005,11327.0,3.7
25007,395.0,4.1
25009,12779.0,3.0
25011,1111.0,2.7
25013,9423.0,4.1
25015,2458.0,2.7
25017,21488.0,2.3
25019,319.0,4.2
25021,10001.0,2.5
25023,8675.0,3.0
25025,12032.0,2.6
25027,14139.0,3.1
26001,244.0,6.3
26003,249.0,7.8
26005,1950.0,3.1
26007,628.0,4.7
26009,530.0,5.1
26011,399.0,6.6
26013,204.0,6.3
26015,1027.0,3.2
26017,2334.0,4.7
26019,450.0,5.1
26021,2971.0,4.0
26023,756.0,3.9
26025,2559.0,4.1
26027,1049.0,4.3
26029,598.0,4.6
26031,920.0,8.7
26033,1009.0,6.3
26035,718.0,6.1
26037,1233.0,3.0
26039,314.0,5.6
26041,899.0,5.2
26043,520.0,4.2
26045,1956.0,3.4
26047,956.0,5.4
26049,9011.0,4.9
26051,568.0,5.7
26053,316.0,5.2
26055,1715.0,3.4
26057,789.0,4.4
26059,854.0,4.2
26061,795.0,4.9
26063,678.0,4.4
26065,5318.0,3.5
26067,1028.0,3.4
26069,610.0,6.0
26071,284.0,5.5
26073,1336.0,3.8
26075,2790.0,3.8
26077,4402.0,3.3
26079,448.0,5.6
26081,10389.0,2.9
26083,61.0,6.9
26085,237.0,6.4
26087,2244.0,5.4
26089,392.0,3.7
26091,1791.0,3.9
26093,3452.0,3.3
26095,143.0,6.2
26097,479.0,9.3
26099,19124.0,4.2
26101,571.0,5.5
26103,1568.0,4.8
26105,670.0,4.9
26107,857.0,4.7
26109,442.0,4.0
26111,1499.0,3.7
26113,332.0,4.8
26115,2939.0,3.9
26117,1154.0,4.1
26119,250.0,8.3
26121,3289.0,4.3
26123,987.0,4.2
26125,23220.0,3.4
26127,717.0,5.9
26129,536.0,6.7
26131,143.0,6.8
26133,453.0,4.0
26135,209.0,6.9
26137,576.0,4.9
26139,4438.0,2.8
26141,375.0,7.6
26143,581.0,7.5
26145,4133.0,4.8
26147,3734.0,4.9
26149,1193.0,4.3
26151,925.0,4.7
26153,233.0,7.0
26155,1426.0,4.3
26157,1218.0,5.1
26159,1608.0,4.6
26161,5726.0,2.9
26163,41048.0,5.1
26165,669.0,4.5
27001,450.0,6.2
27003,6115.0,3.1
27005,747.0,4.0
27007,1045.0,4.3
27009,857.0,3.9
27011,105.0,4.2
27013,1130.0,2.8
27015,523.0,3.6
27017,801.0,4.5
27019,1629.0,2.8
27021,799.0,5.5
27023,271.0,3.9
27025,1140.0,3.8
27027,1103.0,3.0
27029,371.0,8.2
27031,135.0,4.3
27033,220.0,3.7
27035,1405.0,4.3
27037,7011.0,2.9
27039,405.0,3.4
27041,668.0,3.2
27043,294.0,4.2
27045,385.0,3.3
27047,557.0,3.4
27049,830.0,3.0
27051,148.0,4.5
27053,19676.0,2.8
27055,336.0,3.2
27057,541.0,5.4
27059,871.0,4.1
27061,1307.0,6.0
27063,198.0,3.4
27065,538.0,5.9
27067,860.0,3.5
27069,87.0,3.6
27071,382.0,6.4
27073,134.0,3.7
27075,200.0,3.6
27077,102.0,4.1
27079,731.0,4.5
27081,124.0,3.8
27083,468.0,3.2
27085,718.0,3.7
27087,109.0,4.7
27089,319.0,5.9
27091,381.0,3.8
27093,519.0,3.9
27095,708.0,5.4
27097,915.0,5.2
27099,621.0,3.0
27101,209.0,4.3
27103,534.0,2.5
27105,339.0,3.0
27107,157.0,4.8
27109,2278.0,2.6
27111,1320.0,4.2
27113,400.0,4.6
27115,836.0,5.5
27117,172.0,3.5
27119,665.0,4.0
27121,204.0,3.1
27123,8694.0,3.0
27125,118.0,5.3
27127,284.0,3.7
27129,394.0,4.5
27131,1164.0,3.1
27133,131.0,2.3
27135,305.0,3.9
27137,4098.0,4.0
27139,2309.0,2.7
27141,1858.0,3.5
27143,330.0,3.8
27145,2897.0,3.2
27147,672.0,3.2
27149,148.0,2.7
27151,216.0,4.4
27153,603.0,4.4
27155,66.0,3.7
27157,414.0,3.3
27159,367.0,6.2
27161,350.0,3.9
27163,4067.0,2.8
27165,264.0,4.0
27167,119.0,3.4
27169,835.0,2.9
27171,2485.0,3.3
27173,205.0,3.8
28001,794.0,7.1
28003,757.0,4.7
28005,308.0,7.0
28007,439.0,6.2
28009,187.0,6.1
28011,863.0,7.0
28013,310.0,5.5
28015,218.0,6.3
28017,390.0,5.6
28019,205.0,5.5
28021,325.0,10.7
28023,369.0,6.2
28025,581.0,7.5
28027,642.0,7.7
28029,743.0,6.6
28031,398.0,4.9
28033,4017.0,4.4
28035,1707.0,5.1
28037,191.0,6.8
28039,656.0,7.4
28041,341.0,7.8
28043,480.0,5.1
28045,1056.0,5.6
28047,4457.0,5.2
28049,5621.0,5.2
28051,583.0,10.3
28053,224.0,10.1
28055,43.0,11.3
28057,495.0,4.7
28059,3533.0,6.0
28061,423.0,6.8
28063,314.0,15.5
28065,284.0,6.9
28067,1413.0,5.4
28069,284.0,8.0
28071,1280.0,4.5
28073,1287.0,4.2
28075,1674.0,5.5
28077,313.0,6.8
28079,441.0,5.5
28081,1800.0,4.4
28083,756.0,7.5
28085,822.0,5.6
28087,1355.0,5.3
28089,2327.0,4.4
28091,543.0,5.5
28093,832.0,5.7
28095,851.0,5.5
28097,239.0,6.0
28099,604.0,5.9
28101,485.0,5.5
28103,276.0,7.3
28105,1275.0,5.6
28107,827.0,6.6
28109,1238.0,5.2
28111,289.0,6.7
28113,944.0,6.5
28115,640.0,4.3
28117,557.0,4.9
28119,196.0,8.2
28121,3004.0,3.9
28123,572.0,4.5
28125,135.0,8.4
28127,556.0,5.2
28129,356.0,5.2
28131,451.0,6.6
28133,685.0,8.9
28135,306.0,5.8
28137,698.0,5.6
28139,482.0,5.1
28141,440.0,5.1
28143,276.0,6.2
28145,594.0,4.2
28147,359.0,7.3
28149,1226.0,6.0
28151,1284.0,7.6
28153,454.0,6.1
28155,225.0,5.6
28157,285.0,10.1
28159,452.0,6.1
28161,285.0,5.7
28163,599.0,6.4
29001,400.0,3.9
29003,273.0,2.8
29005,100.0,3.7
29007,360.0,3.4
29009,545.0,3.5
29011,176.0,3.4
29013,318.0,4.0
29015,346.0,4.8
29017,214.0,3.9
29019,2363.0,2.4
29021,1368.0,3.1
29023,846.0,4.7
29025,139.0,3.2
29027,625.0,2.9
29029,848.0,4.5
29031,1197.0,2.9
29033,155.0,3.2
29035,125.0,4.9
29037,1656.0,3.0
29039,214.0,3.7
29041,113.0,3.0
29043,1227.0,2.7
29045,114.0,3.6
29047,3909.0,2.9
29049,324.0,3.0
29051,1014.0,2.6
29053,276.0,3.7
29055,414.0,3.8
29057,111.0,3.1
29059,319.0,4.5
29061,137.0,3.3
29063,149.0,3.1
29065,225.0,3.6
29067,258.0,5.1
29069,642.0,5.5
29071,1715.0,3.2
29073,262.0,3.4
29075,96.0,2.7
29077,4074.0,2.7
29079,154.0,3.5
29081,127.0,3.3
29083,364.0,3.7
29085,161.0,4.2
29087,73.0,2.8
29089,152.0,3.1
29091,671.0,4.1
29093,169.0,4.8
29095,13531.0,3.7
29097,1714.0,3.0
29099,3679.0,3.1
29101,858.0,3.7
29103,52.0,2.9
29105,1196.0,6.9
29107,519.0,3.1
29109,633.0,3.5
29111,160.0,3.2
29113,951.0,3.3
29115,249.0,4.9
29117,187.0,2.5
29119,356.0,3.3
29121,255.0,3.4
29123,189.0,3.4
29125,137.0,3.5
29127,461.0,3.2
29129,59.0,3.2
29131,463.0,3.8
29133,237.0,4.1
29135,216.0,3.0
29137,161.0,4.2
29139,180.0,3.1
29141,351.0,4.3
29143,356.0,4.3
29145,894.0,3.3
29147,322.0,3.0
29149,157.0,3.9
29151,170.0,2.4
29153,198.0,5.8
29155,321.0,5.0
29157,264.0,2.6
29159,744.0,3.5
29161,651.0,3.3
29163,268.0,3.6
29165,1566.0,2.7
29167,503.0,3.4
29169,598.0,4.1
29171,84.0,3.7
29173,178.0,3.1
29175,402.0,3.9
29177,401.0,3.6
29179,113.0,3.7
29181,278.0,5.5
29183,5780.0,2.5
29185,172.0,4.6
29186,247.0,2.7
29187,979.0,3.7
29189,16363.0,3.1
29195,341.0,3.2
29197,86.0,4.4
29199,73.0,3.1
29201,707.0,3.5
29203,180.0,5.6
29205,91.0,3.0
29207,618.0,4.7
29209,688.0,5.0
29211,95.0,3.5
29213,1389.0,5.1
29215,402.0,4.5
29217,333.0,3.5
29219,525.0,2.9
29221,461.0,4.5
29223,256.0,4.8
29225,617.0,3.6
29227,31.0,2.7
29229,394.0,5.3
29510,5955.0,3.9
30001,149.0,2.9
30003,357.0,7.4
30005,88.0,3.5
30007,103.0,4.0
30009,189.0,3.4
30011,18.0,2.8
30013,1288.0,3.4
30015,66.0,2.7
30017,174.0,2.9
30019,18.0,2.0
30021,111.0,2.4
30023,161.0,3.2
30025,30.0,1.8
30027,188.0,3.1
30029,2246.0,4.7
30031,1555.0,2.3
30033,18.0,2.4
30035,427.0,7.5
30037,15.0,4.1
30039,96.0,5.7
30041,281.0,3.7
30043,189.0,3.3
30045,29.0,3.1
30047,557.0,4.2
30049,1065.0,3.0
30051,24.0,2.5
30053,586.0,7.2
30055,19.0,2.0
30057,154.0,3.2
30059,33.0,3.5
30061,100.0,5.7
30063,2049.0,3.2
30065,88.0,3.9
30067,305.0,3.4
30069,10.0,3.6
30071,70.0,3.7
30073,101.0,3.8
30075,23.0,2.4
30077,108.0,3.6
30079,18.0,3.8
30081,819.0,4.0
30083,156.0,2.7
30085,194.0,4.3
30087,192.0,5.0
30089,285.0,5.9
30091,39.0,2.2
30093,649.0,3.8
30095,162.0,3.1
30097,50.0,2.8
30099,90.0,3.3
30101,51.0,2.4
30103,9.0,2.7
30105,129.0,3.2
30107,30.0,3.8
30109,14.0,3.0
30111,2608.0,3.2
31001,530.0,3.2
31003,91.0,2.6
31005,12.0,5.4
31007,14.0,3.7
31009,13.0,5.0
31011,81.0,2.7
31013,172.0,3.2
31015,36.0,3.3
31017,49.0,3.5
31019,729.0,2.6
31021,117.0,3.4
31023,119.0,2.6
31025,453.0,3.3
31027,113.0,2.5
31029,52.0,2.3
31031,81.0,2.4
31033,163.0,3.7
31035,106.0,3.2
31037,152.0,2.7
31039,125.0,2.7
31041,155.0,2.4
31043,422.0,3.9
31045,146.0,2.9
31047,389.0,3.0
31049,28.0,2.9
31051,93.0,3.1
31053,570.0,2.9
31055,9771.0,3.3
31057,30.0,2.6
31059,82.0,2.6
31061,50.0,3.4
31063,53.0,3.3
31065,72.0,2.8
31067,391.0,3.6
31069,32.0,2.9
31071,31.0,2.7
31073,29.0,2.6
31075,12.0,2.8
31077,36.0,2.9
31079,1102.0,3.5
31081,145.0,3.0
31083,51.0,2.8
31085,15.0,2.4
31087,43.0,3.4
31089,150.0,2.6
31091,13.0,3.1
31093,118.0,3.5
31095,113.0,2.7
31097,72.0,3.5
31099,86.0,2.3
31101,148.0,3.2
31103,15.0,2.5
31105,61.0,3.0
31107,138.0,3.0
31109,4910.0,2.8
31111,638.0,3.5
31113,14.0,3.0
31115,16.0,4.0
31117,12.0,2.7
31119,558.0,2.8
31121,128.0,3.2
31123,75.0,2.9
31125,59.0,3.0
31127,132.0,3.7
31129,64.0,2.7
31131,270.0,3.2
31133,43.0,2.9
31135,42.0,2.3
31137,131.0,2.6
31139,110.0,2.7
31141,515.0,2.9
31143,81.0,2.8
31145,161.0,2.8
31147,135.0,3.2
31149,27.0,3.1
31151,239.0,3.2
31153,2798.0,2.9
31155,311.0,2.8
31157,673.0,3.7
31159,262.0,2.9
31161,74.0,2.8
31163,54.0,3.2
31165,21.0,2.8
31167,91.0,2.6
31169,74.0,2.7
31171,15.0,3.5
31173,138.0,4.5
31175,68.0,3.2
31177,329.0,2.9
31179,150.0,2.6
31181,59.0,3.5
31183,16.0,2.8
31185,195.0,2.7
32001,391.0,3.5
32003,45758.0,4.0
32005,910.0,3.9
32007,813.0,3.0
32009,16.0,3.7
32011,26.0,2.4
32013,242.0,2.9
32015,102.0,3.2
32017,84.0,4.0
32019,1098.0,4.7
32021,82.0,4.0
32023,882.0,5.1
32027,103.0,4.0
32029,76.0,3.7
32031,8224.0,3.2
32033,137.0,3.0
32510,1034.0,3.9
33001,796.0,2.5
33003,608.0,2.5
33005,1070.0,2.6
33007,468.0,3.2
33009,1096.0,2.2
33011,6363.0,2.6
33013,1890.0,2.3
33015,5114.0,2.7
33017,1746.0,2.3
33019,529.0,2.3
34001,6106.0,5.1
34003,14092.0,2.9
34005,7540.0,3.3
34007,10242.0,4.0
34009,3287.0,7.2
34011,3580.0,5.5
34013,16414.0,4.5
34015,5509.0,3.7
34017,11817.0,3.3
34019,1781.0,2.8
34021,6427.0,3.2
34023,13602.0,3.1
34025,10428.0,3.2
34027,7235.0,2.8
34029,10147.0,3.7
34031,10429.0,4.3
34033,1409.0,4.8
34035,5142.0,3.0
34037,2538.0,3.4
34039,10193.0,3.7
34041,1875.0,3.3
35001,14817.0,4.4
35003,72.0,6.2
35005,1326.0,4.9
35006,566.0,6.3
35007,257.0,4.7
35009,897.0,4.1
35011,34.0,4.3
35013,5551.0,5.7
35015,1064.0,3.1
35017,589.0,4.8
35019,82.0,5.3
35021,14.0,5.1
35023,89.0,4.3
35025,1228.0,3.9
35027,414.0,4.6
35028,300.0,3.2
35029,1262.0,12.2
35031,1697.0,7.0
35033,133.0,6.0
35035,1223.0,4.9
35037,167.0,5.2
35039,884.0,5.3
35041,356.0,4.5
35043,3207.0,4.8
35045,2967.0,5.7
35047,632.0,5.8
35049,2963.0,3.9
35051,265.0,6.8
35053,375.0,5.8
35055,915.0,6.0
35057,387.0,6.8
35059,65.0,3.5
35061,1636.0,5.3
36001,5745.0,3.6
36003,1061.0,5.5
36005,32035.0,5.4
36007,3956.0,4.7
36009,1712.0,5.1
36011,1541.0,4.3
36013,2574.0,4.7
36015,1476.0,4.2
36017,982.0,4.4
36019,1582.0,4.4
36021,1005.0,3.2
36023,1118.0,4.9
36025,901.0,4.7
36027,5199.0,3.6
36029,18783.0,4.3
36031,805.0,4.7
36033,966.0,4.9
36035,1139.0,5.0
36037,1172.0,3.9
36039,913.0,4.5
36041,133.0,6.0
36043,1372.0,4.9
36045,2471.0,5.6
36047,48699.0,4.1
36049,645.0,5.5
36051,1303.0,4.2
36053,1470.0,4.5
36055,15047.0,4.2
36057,1133.0,5.1
36059,24392.0,3.4
36061,31973.0,3.5
36063,4899.0,5.0
36065,4331.0,4.3
36067,8674.0,3.9
36069,2152.0,3.9
36071,7033.0,3.8
36073,827.0,4.7
36075,2878.0,5.4
36077,1184.0,4.2
36079,1894.0,3.7
36081,39401.0,3.5
36083,3059.0,3.8
36085,8585.0,3.9
36087,5532.0,3.6
36089,2392.0,5.5
36091,4022.0,3.4
36093,2922.0,3.8
36095,683.0,4.7
36097,376.0,4.7
36099,613.0,3.8
36101,1948.0,4.6
36103,28846.0,3.7
36105,1448.0,4.0
36107,941.0,4.1
36109,1794.0,3.6
36111,3305.0,3.8
36113,1431.0,4.6
36115,1133.0,4.1
36117,1765.0,4.0
36119,18224.0,3.8
36121,795.0,4.4
36123,442.0,3.7
37001,3138.0,3.8
37003,602.0,3.3
37005,210.0,4.8
37007,453.0,4.2
37009,479.0,3.7
37011,281.0,3.7
37013,906.0,4.6
37015,374.0,4.8
37017,706.0,4.8
37019,2812.0,5.2
37021,4236.0,3.0
37023,1539.0,3.7
37025,3916.0,3.6
37027,1496.0,4.1
37029,180.0,3.9
37031,1340.0,4.2
37033,447.0,4.5
37035,2854.0,3.6
37037,1215.0,3.4
37039,502.0,4.5
37041,262.0,4.7
37043,188.0,4.5
37045,1945.0,4.0
37047,1130.0,4.9
37049,1719.0,4.1
37051,6550.0,5.1
37053,508.0,3.6
37055,947.0,4.7
37057,3008.0,3.7
37059,712.0,3.4
37061,1030.0,4.1
37063,5899.0,3.4
37065,1260.0,5.9
37067,7084.0,3.7
37069,1262.0,4.0
37071,4333.0,3.9
37073,218.0,4.1
37075,176.0,5.4
37077,1024.0,3.4
37079,362.0,3.8
37081,10845.0,4.1
37083,1175.0,5.7
37085,2468.0,4.6
37087,1027.0,3.4
37089,1839.0,3.3
37091,479.0,5.2
37093,1003.0,4.9
37095,170.0,8.6
37097,3242.0,3.6
37099,827.0,4.1
37101,3627.0,3.6
37103,172.0,3.9
37105,1179.0,4.5
37107,1066.0,3.8
37109,1542.0,3.5
37111,802.0,3.8
37113,610.0,3.9
37115,374.0,3.6
37117,463.0,5.1
37119,22786.0,3.6
37121,281.0,4.6
37123,463.0,4.0
37125,1624.0,3.8
37127,2099.0,4.8
37129,4458.0,3.6
37131,406.0,5.2
37133,3025.0,4.6
37135,2603.0,3.3
37137,205.0,3.8
37139,773.0,4.6
37141,1149.0,3.9
37143,251.0,5.0
37145,781.0,4.2
37147,3846.0,4.2
37149,346.0,3.8
37151,2527.0,3.8
37153,883.0,5.3
37155,2733.0,5.4
37157,1782.0,4.4
37159,2672.0,4.0
37161,1245.0,4.9
37163,1136.0,3.9
37165,767.0,6.6
37167,1129.0,3.7
37169,787.0,3.6
37171,1253.0,3.7
37173,281.0,4.0
37175,551.0,3.7
37177,88.0,5.9
37179,4310.0,3.5
37181,1013.0,5.8
37183,20095.0,3.3
37185,378.0,5.7
37187,263.0,5.9
37189,1039.0,3.5
37191,2169.0,4.1
37193,1197.0,4.1
37195,2024.0,5.8
37197,616.0,3.4
37199,318.0,3.8
38001,23.0,2.2
38003,156.0,3.0
38005,96.0,4.2
38007,11.0,2.6
38009,97.0,3.3
38011,28.0,1.6
38013,24.0,2.3
38015,1180.0,2.4
38017,2078.0,2.0
38019,52.0,2.8
38021,43.0,1.9
38023,20.0,1.4
38025,51.0,1.6
38027,54.0,4.5
38029,59.0,4.1
38031,41.0,2.7
38033,15.0,1.8
38035,773.0,2.1
38037,27.0,2.3
38039,25.0,2.5
38041,27.0,2.0
38043,50.0,4.0
38045,43.0,2.1
38047,20.0,2.3
38049,106.0,3.5
38051,33.0,3.0
38053,160.0,1.6
38055,147.0,3.2
38057,150.0,4.2
38059,478.0,3.0
38061,101.0,1.4
38063,43.0,3.1
38065,32.0,3.7
38067,114.0,3.5
38069,55.0,3.2
38071,163.0,2.9
38073,48.0,1.7
38075,30.0,2.5
38077,200.0,2.3
38079,376.0,8.2
38081,47.0,1.8
38083,29.0,4.3
38085,48.0,3.9
38087,9.0,2.3
38089,374.0,2.0
38091,20.0,2.1
38093,235.0,2.3
38095,31.0,2.8
38097,114.0,2.6
38099,167.0,3.3
38101,780.0,2.5
38103,58.0,3.1
38105,438.0,1.8
39001,733.0,6.8
39003,1929.0,4.0
39005,1114.0,4.2
39007,2125.0,4.8
39009,1468.0,5.3
39011,750.0,3.0
39013,1684.0,5.6
39015,975.0,5.0
39017,7362.0,3.8
39019,642.0,5.0
39021,738.0,3.7
39023,2733.0,4.3
39025,3986.0,3.7
39027,833.0,4.7
39029,2290.0,4.8
39031,841.0,5.8
39033,852.0,4.7
39035,25605.0,4.2
39037,949.0,3.7
39039,763.0,4.2
39041,3462.0,3.1
39043,1840.0,4.9
39045,2903.0,3.7
39047,539.0,3.9
39049,24570.0,3.5
39051,929.0,4.1
39053,662.0,5.4
39055,1708.0,3.5
39057,3116.0,3.7
39059,1016.0,5.5
39061,15743.0,3.8
39063,1324.0,3.2
39065,580.0,4.2
39067,357.0,5.3
39069,611.0,4.6
39071,881.0,5.2
39073,600.0,4.6
39075,623.0,3.0
39077,1604.0,5.7
39079,787.0,6.2
39081,1628.0,5.9
39083,1244.0,3.9
39085,4673.0,3.7
39087,1231.0,5.2
39089,3362.0,3.7
39091,829.0,3.6
39093,6593.0,4.3
39095,9792.0,4.7
39097,713.0,3.4
39099,5901.0,5.7
39101,1152.0,4.1
39103,3337.0,3.4
39105,629.0,6.9
39107,611.0,2.6
39109,1992.0,3.7
39111,442.0,8.3
39113,10589.0,4.2
39115,434.0,6.5
39117,691.0,4.1
39119,1940.0,4.9
39121,322.0,6.9
39123,1188.0,5.6
39125,331.0,3.8
39127,827.0,5.2
39129,1056.0,4.0
39131,669.0,6.2
39133,3688.0,4.2
39135,794.0,3.8
39137,582.0,3.1
39139,2362.0,4.5
39141,1489.0,4.2
39143,1313.0,4.3
39145,1806.0,6.3
39147,1129.0,4.1
39149,853.0,3.5
39151,8384.0,4.5
39153,11651.0,4.3
39155,5318.0,6.1
39157,1932.0,4.3
39159,933.0,3.2
39161,491.0,3.3
39163,314.0,5.6
39165,4179.0,3.5
39167,1472.0,5.4
39169,2012.0,3.2
39171,629.0,3.3
39173,2608.0,3.7
39175,406.0,3.1
40001,335.0,4.2
40003,58.0,2.1
40005,214.0,4.3
40007,57.0,2.0
40009,332.0,3.2
40011,95.0,2.0
40013,650.0,3.0
40015,422.0,3.6
40017,2122.0,2.9
40019,740.0,3.4
40021,748.0,4.0
40023,262.0,4.8
40025,23.0,1.7
40027,4046.0,2.8
40029,97.0,3.9
40031,1761.0,3.7
40033,86.0,3.2
40035,211.0,3.6
40037,1171.0,3.7
40039,396.0,2.5
40041,686.0,3.8
40043,62.0,2.1
40045,54.0,2.5
40047,814.0,3.0
40049,402.0,3.2
40051,817.0,3.1
40053,56.0,2.1
40055,78.0,4.2
40057,34.0,2.9
40059,51.0,2.9
40061,223.0,5.3
40063,259.0,4.9
40065,313.0,2.9
40067,81.0,3.2
40069,162.0,4.3
40071,781.0,4.3
40073,187.0,2.0
40075,130.0,3.8
40077,198.0,6.3
40079,894.0,4.7
40081,557.0,3.5
40083,636.0,2.9
40085,140.0,2.3
40087,536.0,2.7
40089,813.0,5.7
40091,413.0,5.8
40093,83.0,2.1
40095,238.0,3.5
40097,609.0,3.1
40099,190.0,3.0
40101,1150.0,3.9
40103,139.0,2.5
40105,159.0,3.5
40107,212.0,4.6
40109,12099.0,3.1
40111,769.0,4.9
40113,783.0,3.8
40115,478.0,3.4
40117,289.0,3.9
40119,1094.0,2.9
40121,723.0,4.2
40123,593.0,3.1
40125,1173.0,3.6
40127,212.0,5.0
40129,56.0,3.0
40131,1392.0,3.1
40133,455.0,4.8
40135,666.0,4.1
40137,799.0,4.3
40139,220.0,2.0
40141,110.0,3.7
40143,10273.0,3.2
40145,1193.0,3.1
40147,763.0,3.4
40149,175.0,3.4
40151,96.0,2.1
40153,261.0,2.9
41001,331.0,4.6
41003,1415.0,2.9
41005,7425.0,3.4
41007,726.0,3.7
41009,1097.0,4.5
41011,1273.0,4.9
41013,510.0,5.3
41015,463.0,5.2
41017,3732.0,3.9
41019,2276.0,4.9
41021,35.0,3.7
41023,221.0,6.9
41025,190.0,5.3
41027,458.0,3.2
41029,4501.0,4.4
41031,512.0,5.1
41033,1782.0,5.0
41035,1806.0,6.2
41037,195.0,5.4
41039,7317.0,4.1
41041,901.0,4.3
41043,2529.0,4.3
41045,510.0,4.1
41047,6366.0,3.9
41049,235.0,4.1
41051,14878.0,3.3
41053,1620.0,4.1
41055,32.0,3.4
41057,458.0,3.9
41059,1765.0,4.8
41061,576.0,4.8
41063,199.0,5.8
41065,551.0,4.1
41067,9998.0,3.1
41069,31.0,4.3
41071,1858.0,3.4
42001,1819.0,3.3
42003,26828.0,4.1
42005,1636.0,5.1
42007,3805.0,4.5
42009,1112.0,4.7
42011,9384.0,4.3
42013,2691.0,4.5
42015,1262.0,4.4
42017,13226.0,3.8
42019,3904.0,3.9
42021,3101.0,5.3
42023,125.0,6.0
42025,1736.0,5.4
42027,2680.0,3.3
42029,9139.0,3.2
42031,842.0,4.9
42033,1873.0,5.2
42035,991.0,5.4
42037,1597.0,4.8
42039,1832.0,4.7
42041,4461.0,3.4
42043,5833.0,4.0
42045,12132.0,4.0
42047,766.0,4.9
42049,5898.0,4.6
42051,3405.0,5.9
42053,124.0,6.8
42055,2983.0,3.8
42057,347.0,4.4
42059,855.0,5.1
42061,1179.0,5.9
42063,1969.0,5.0
42065,975.0,4.7
42067,555.0,4.4
42069,5159.0,4.9
42071,9821.0,3.4
42073,2088.0,5.1
42075,2819.0,3.9
42077,8723.0,4.5
42079,8973.0,5.7
42081,2750.0,4.8
42083,920.0,5.3
42085,2412.0,4.9
42087,983.0,4.7
42089,4479.0,5.4
42091,16019.0,3.5
42093,327.0,3.6
42095,7214.0,4.5
42097,2419.0,5.6
42099,910.0,3.7
42101,40066.0,5.5
42103,1412.0,5.6
42105,425.0,5.9
42107,3606.0,5.4
42109,1093.0,5.4
42111,1790.0,5.3
42113,140.0,5.2
42115,889.0,4.3
42117,1009.0,5.3
42119,798.0,4.0
42121,1090.0,4.9
42123,861.0,4.5
42125,4824.0,4.5
42127,1059.0,4.7
42129,8133.0,4.5
42131,662.0,4.9
42133,9080.0,3.8
44001,779.0,3.0
44003,2914.0,3.2
44005,1375.0,3.1
44007,12560.0,3.9
44009,2158.0,3.1
45001,339.0,3.4
45003,2176.0,2.9
45005,143.0,5.3
45007,2467.0,2.7
45009,277.0,5.6
45011,352.0,4.3
45013,2061.0,2.6
45015,2651.0,2.5
45017,237.0,3.6
45019,4881.0,2.3
45021,774.0,3.1
45023,555.0,4.1
45025,644.0,2.9
45027,493.0,3.9
45029,538.0,3.2
45031,1043.0,3.4
45033,533.0,4.1
45035,1951.0,2.5
45037,301.0,2.8
45039,427.0,4.4
45041,1976.0,2.9
45043,970.0,3.8
45045,6225.0,2.4
45047,980.0,3.1
45049,229.0,2.7
45051,5339.0,3.6
45053,322.0,2.5
45055,866.0,3.0
45057,1384.0,3.3
45059,903.0,3.0
45061,266.0,4.0
45063,3510.0,2.3
45065,104.0,3.1
45067,564.0,4.3
45069,444.0,4.8
45071,514.0,2.7
45073,971.0,2.8
45075,1655.0,4.8
45077,1604.0,2.8
45079,5579.0,2.8
45081,238.0,2.7
45083,3920.0,2.6
45085,1473.0,3.4
45087,406.0,3.5
45089,551.0,4.6
45091,3871.0,2.8
46003,42.0,2.8
46005,303.0,3.2
46007,59.0,5.4
46009,91.0,3.2
46011,627.0,3.3
46013,643.0,3.1
46015,76.0,3.1
46017,45.0,6.6
46019,171.0,3.4
46021,28.0,3.6
46023,141.0,3.7
46025,77.0,4.0
46027,248.0,3.3
46029,490.0,3.2
46031,79.0,5.8
46033,178.0,4.4
46035,325.0,2.9
46037,126.0,4.6
46039,105.0,4.8
46041,184.0,8.3
46043,45.0,2.8
46045,61.0,3.0
46047,128.0,4.3
46049,35.0,3.3
46051,150.0,3.4
46053,71.0,3.5
46055,31.0,2.9
46057,109.0,3.3
46059,50.0,2.8
46061,82.0,4.7
46063,20.0,2.8
46065,268.0,2.7
46067,112.0,3.1
46069,24.0,3.5
46071,73.0,5.7
46073,31.0,2.8
46075,17.0,3.1
46077,81.0,3.0
46079,241.0,3.6
46081,428.0,3.2
46083,886.0,2.6
46085,81.0,4.8
46087,88.0,2.9
46089,43.0,4.3
46091,91.0,3.8
46093,506.0,3.6
46095,42.0,5.7
46097,37.0,3.1
46099,3241.0,2.9
46101,146.0,3.6
46102,348.0,9.7
46103,1930.0,3.4
46105,44.0,3.1
46107,33.0,3.2
46109,209.0,4.3
46111,36.0,3.1
46115,109.0,3.4
46117,55.0,3.0
46119,23.0,2.9
46121,205.0,6.5
46123,89.0,2.9
46125,143.0,3.0
46127,292.0,3.4
46129,117.0,5.5
46135,343.0,2.9
46137,52.0,5.6
47001,1241.0,3.6
47003,786.0,3.7
47005,311.0,4.5
47007,235.0,5.4
47009,2043.0,3.2
47011,1811.0,3.5
47013,687.0,4.6
47015,205.0,3.1
47017,590.0,4.8
47019,983.0,4.1
47021,580.0,2.6
47023,297.0,3.4
47025,554.0,4.2
47027,168.0,6.0
47029,687.0,4.5
47031,858.0,3.3
47033,246.0,3.5
47035,1061.0,4.5
47037,10308.0,2.5
47039,245.0,5.3
47041,339.0,4.3
47043,816.0,3.0
47045,805.0,4.9
47047,707.0,3.6
47049,315.0,4.2
47051,680.0,3.3
47053,942.0,4.2
47055,583.0,3.9
47057,387.0,4.0
47059,1396.0,4.7
47061,208.0,4.1
47063,1093.0,3.9
47065,6009.0,3.2
47067,125.0,5.9
47069,477.0,5.0
47071,448.0,4.3
47073,988.0,4.1
47075,376.0,4.9
47077,537.0,4.3
47079,594.0,4.1
47081,356.0,3.1
47083,151.0,4.6
47085,347.0,3.8
47087,216.0,4.6
47089,918.0,3.7
47091,268.0,3.5
47093,7137.0,2.9
47095,101.0,5.7
47097,532.0,5.4
47099,792.0,4.1
47101,211.0,4.0
47103,605.0,3.6
47105,801.0,3.4
47107,902.0,3.8
47109,450.0,5.2
47111,356.0,3.1
47113,1766.0,3.6
47115,541.0,4.3
47117,555.0,3.5
47119,1582.0,3.2
47121,238.0,4.6
47123,743.0,3.7
47125,3274.0,3.8
47127,106.0,2.9
47129,324.0,4.1
47131,616.0,4.9
47133,379.0,3.8
47135,158.0,5.0
47137,111.0,4.7
47139,302.0,4.0
47141,1231.0,3.5
47143,765.0,5.7
47145,955.0,4.0
47147,1109.0,2.9
47149,4792.0,2.6
47151,368.0,4.4
47153,263.0,4.2
47155,1805.0,3.3
47157,18080.0,4.0
47159,288.0,3.0
47161,248.0,4.5
47163,2632.0,3.7
47165,2777.0,2.7
47167,1105.0,3.9
47169,168.0,3.1
47171,358.0,5.0
47173,311.0,4.0
47175,93.0,4.5
47177,691.0,4.1
47179,2104.0,3.5
47181,294.0,4.7
47183,657.0,4.0
47185,455.0,3.7
47187,3158.0,2.4
47189,2089.0,2.7
48001,693.0,2.9
48003,221.0,2.2
48005,1440.0,4.0
48007,403.0,4.3
48009,118.0,2.8
48011,25.0,2.7
48013,779.0,3.6
48015,483.0,3.4
48017,93.0,3.7
48019,329.0,3.3
48021,1291.0,3.0
48023,40.0,2.3
48025,434.0,4.4
48027,5466.0,3.8
48029,29617.0,3.1
48031,158.0,2.4
48033,10.0,2.5
48035,285.0,3.4
48037,1769.0,4.4
48039,7531.0,4.2
48041,3191.0,2.7
48043,123.0,2.9
48045,20.0,3.5
48047,134.0,5.1
48049,584.0,3.7
48051,259.0,3.1
48053,640.0,2.7
48055,658.0,3.3
48057,392.0,3.2
48059,188.0,3.1
48061,9186.0,5.5
48063,209.0,4.2
48065,78.0,2.6
48067,535.0,4.3
48069,96.0,2.8
48071,885.0,4.5
48073,793.0,3.8
48075,80.0,2.7
48077,151.0,3.1
48079,38.0,3.4
48081,47.0,3.2
48083,118.0,4.1
48085,17358.0,3.1
48087,37.0,3.2
48089,303.0,3.1
48091,2184.0,3.0
48093,181.0,3.2
48095,40.0,3.2
48097,552.0,2.8
48099,946.0,3.9
48101,23.0,4.2
48103,63.0,4.0
48105,48.0,2.9
48107,97.0,3.9
48109,42.0,4.0
48111,76.0,1.9
48113,47145.0,3.5
48115,180.0,3.9
48117,233.0,2.8
48119,83.0,3.4
48121,14619.0,3.0
48123,258.0,2.6
48125,30.0,4.4
48127,189.0,2.5
48129,50.0,3.5
48131,222.0,4.5
48133,275.0,3.3
48135,2327.0,2.6
48137,24.0,2.3
48139,2871.0,3.1
48141,13870.0,3.8
48143,662.0,3.2
48145,214.0,3.3
48147,475.0,2.7
48149,326.0,2.6
48151,48.0,2.9
48153,112.0,4.3
48155,18.0,3.1
48157,13622.0,3.5
48159,169.0,3.6
48161,307.0,4.8
48163,271.0,2.6
48165,235.0,2.4
48167,6672.0,4.0
48169,59.0,2.7
48171,329.0,2.4
48173,17.0,2.1
48175,110.0,3.4
48177,258.0,2.7
48179,289.0,3.6
48181,1958.0,3.1
48183,2173.0,3.7
48185,442.0,3.9
48187,2399.0,2.9
48189,547.0,4.5
48191,44.0,4.1
48193,111.0,3.0
48195,65.0,2.3
48197,52.0,3.0
48199,1163.0,4.6
48201,88643.0,3.8
48203,1179.0,4.0
48205,46.0,1.6
48207,75.0,3.3
48209,3300.0,2.8
48211,53.0,2.7
48213,1279.0,3.5
48215,21998.0,6.2
48217,542.0,3.3
48219,334.0,3.0
48221,935.0,3.4
48223,536.0,3.1
48225,325.0,3.1
48227,436.0,3.1
48229,80.0,4.4
48231,1541.0,3.5
48233,386.0,4.4
48235,18.0,2.4
48237,109.0,3.1
48239,228.0,3.0
48241,786.0,6.1
48243,30.0,2.9
48245,6225.0,5.8
48247,90.0,4.8
48249,798.0,4.7
48251,2644.0,3.2
48253,244.0,4.3
48255,179.0,2.5
48257,2112.0,3.3
48259,599.0,2.7
48261,8.0,3.6
48263,11.0,2.3
48265,658.0,3.0
48267,57.0,3.1
48269,5.0,2.1
48271,50.0,3.6
48273,588.0,4.4
48275,47.0,3.3
48277,811.0,3.4
48279,203.0,3.8
48281,302.0,3.3
48283,106.0,2.4
48285,257.0,3.0
48287,268.0,2.6
48289,276.0,4.4
48291,1669.0,5.0
48293,333.0,3.9
48295,43.0,2.6
48297,172.0,3.1
48299,299.0,3.4
48301,4.0,0.7
48303,4454.0,2.8
48305,82.0,3.0
48307,181.0,5.2
48309,3961.0,3.3
48311,13.0,1.6
48313,194.0,4.3
48315,181.0,4.3
48317,75.0,2.6
48319,57.0,3.2
48321,946.0,5.7
48323,1790.0,7.5
48325,686.0,3.1
48327,30.0,3.5
48329,2205.0,2.1
48331,487.0,5.0
48333,62.0,3.3
48335,82.0,3.5
48337,265.0,2.8
48339,9659.0,3.4
48341,255.0,2.3
48343,256.0,5.3
48345,17.0,3.5
48347,1057.0,3.7
48349,778.0,3.2
48351,324.0,6.3
48353,206.0,2.9
48355,6875.0,4.1
48357,117.0,2.7
48359,26.0,2.8
48361,1877.0,5.2
48363,427.0,3.1
48365,409.0,4.0
48367,1959.0,2.9
48369,110.0,2.2
48371,209.0,3.3
48373,852.0,4.7
48375,1515.0,2.7
48377,202.0,6.5
48379,182.0,3.0
48381,1751.0,2.4
48383,48.0,2.5
48385,42.0,4.0
48387,235.0,4.6
48389,194.0,1.7
48391,118.0,3.7
48393,13.0,3.1
48395,273.0,3.6
48397,1601.0,3.1
48399,129.0,2.8
48401,823.0,3.6
48403,247.0,6.6
48405,162.0,4.8
48407,538.0,4.6
48409,1628.0,5.4
48411,75.0,2.9
48413,38.0,2.9
48415,218.0,3.2
48417,42.0,2.2
48419,440.0,3.9
48421,32.0,2.3
48423,3587.0,3.3
48425,155.0,3.6
48427,2482.0,9.8
48429,126.0,3.1
48431,18.0,3.1
48433,17.0,2.9
48435,53.0,3.7
48437,97.0,3.7
48439,35655.0,3.3
48441,1921.0,2.9
48443,13.0,3.4
48445,183.0,3.7
48447,25.0,3.8
48449,541.0,4.2
48451,1651.0,3.0
48453,19047.0,2.6
48455,253.0,4.8
48457,412.0,5.8
48459,663.0,3.7
48461,49.0,2.9
48463,436.0,3.8
48465,770.0,3.4
48467,849.0,3.3
48469,1474.0,3.4
48471,936.0,3.9
48473,878.0,3.7
48475,172.0,2.3
48477,499.0,3.3
48479,4379.0,3.7
48481,735.0,3.4
48483,69.0,3.0
48485,1788.0,3.2
48487,177.0,3.6
48489,540.0,8.2
48491,8772.0,2.8
48493,702.0,2.8
48495,113.0,2.8
48497,1027.0,3.2
48499,685.0,3.9
48501,109.0,2.9
48503,238.0,3.0
48505,258.0,5.1
48507,284.0,8.5
49001,86.0,3.0
49003,682.0,2.6
49005,1397.0,2.2
49007,315.0,3.7
49009,15.0,3.8
49011,4211.0,2.4
49013,305.0,3.9
49015,173.0,4.0
49017,173.0,6.2
49019,242.0,3.9
49021,704.0,2.9
49023,144.0,2.5
49025,111.0,2.9
49027,165.0,2.8
49029,135.0,2.4
49031,23.0,4.8
49033,36.0,3.1
49035,15974.0,2.5
49037,290.0,5.1
49039,398.0,3.2
49041,303.0,3.1
49043,612.0,2.4
49045,978.0,2.9
49047,575.0,4.2
49049,7326.0,2.4
49051,436.0,2.7
49053,2250.0,3.0
49055,78.0,5.5
49057,3773.0,3.0
50001,475.0,2.3
50003,531.0,2.9
50005,430.0,3.0
50007,1728.0,1.8
50009,87.0,3.2
50011,639.0,2.3
50013,116.0,2.9
50015,434.0,3.1
50017,378.0,2.4
50019,562.0,4.2
50021,838.0,2.8
50023,774.0,2.3
50025,561.0,2.6
50027,604.0,2.1
51001,591.0,3.5
51003,1432.0,2.5
51005,238.0,3.4
51007,200.0,3.2
51009,485.0,3.2
51011,250.0,3.5
51013,2966.0,1.9
51015,916.0,2.4
51017,62.0,2.5
51019,1106.0,2.9
51021,79.0,2.8
51023,445.0,2.5
51025,285.0,4.7
51027,380.0,5.6
51029,269.0,4.2
51031,816.0,3.1
51033,490.0,3.2
51035,474.0,3.6
51036,126.0,3.4
51037,188.0,3.5
51041,5179.0,2.7
51043,189.0,2.5
51045,74.0,3.2
51047,643.0,2.6
51049,141.0,3.0
51051,234.0,4.9
51053,450.0,3.3
51057,196.0,3.5
51059,14640.0,2.3
51061,912.0,2.4
51063,213.0,2.6
51065,323.0,2.3
51067,780.0,2.9
51069,1169.0,2.4
51071,258.0,3.3
51073,507.0,2.6
51075,311.0,2.8
51077,234.0,2.9
51079,247.0,2.3
51081,147.0,3.4
51083,616.0,3.9
51085,1441.0,2.4
51087,5114.0,2.8
51089,799.0,3.3
51091,34.0,2.7
51093,553.0,2.8
51095,981.0,2.7
51097,108.0,2.8
51099,358.0,2.6
51101,252.0,2.7
51103,234.0,4.3
51105,339.0,4.1
51107,5159.0,2.3
51109,532.0,2.7
51111,169.0,3.2
51113,166.0,2.2
51115,121.0,2.9
51117,508.0,4.0
51119,138.0,2.6
51121,1427.0,2.8
51125,208.0,2.8
51127,300.0,2.4
51131,244.0,4.4
51133,246.0,4.3
51135,203.0,2.8
51137,519.0,3.0
51139,464.0,3.8
51141,258.0,3.5
51143,1019.0,3.4
51145,361.0,2.5
51147,393.0,3.8
51149,511.0,3.4
51153,6268.0,2.5
51155,555.0,3.4
51157,94.0,2.5
51159,121.0,3.0
51161,1262.0,2.5
51163,296.0,2.7
51165,1005.0,2.4
51167,473.0,4.2
51169,286.0,3.1
51171,563.0,2.5
51173,515.0,3.7
51175,244.0,2.7
51177,1966.0,2.9
51179,2001.0,2.8
51181,127.0,3.4
51183,173.0,4.5
51185,688.0,4.4
51187,579.0,2.8
51191,887.0,3.3
51193,334.0,3.5
51195,623.0,4.6
51197,494.0,3.6
51199,879.0,2.7
51510,2161.0,2.1
51520,272.0,3.8
51530,94.0,2.7
51540,631.0,2.4
51550,3566.0,2.9
51570,284.0,3.2
51580,100.0,4.2
51590,965.0,5.0
51595,114.0,5.0
51600,289.0,2.1
51610,177.0,2.0
51620,145.0,4.0
51630,479.0,3.4
51640,96.0,3.3
51650,2454.0,3.8
51660,808.0,3.2
51670,416.0,4.3
51678,98.0,4.7
51680,1360.0,3.7
51683,557.0,2.5
51685,234.0,2.5
51690,227.0,4.1
51700,3096.0,3.5
51710,3877.0,3.5
51720,62.0,3.7
51730,733.0,5.6
51735,156.0,2.4
51740,1735.0,3.9
51750,311.0,3.6
51760,3905.0,3.3
51770,1497.0,3.0
51775,360.0,2.8
51790,328.0,2.7
51800,1364.0,3.0
51810,6331.0,2.7
51820,311.0,2.9
51830,261.0,3.9
51840,412.0,2.8
53001,558.0,5.7
53003,431.0,4.1
53005,5396.0,5.2
53007,2202.0,4.9
53009,1906.0,6.6
53011,11479.0,4.7
53013,101.0,5.5
53015,2863.0,6.0
53017,1237.0,5.6
53019,283.0,11.3
53021,2749.0,6.4
53023,50.0,5.4
53025,3239.0,6.9
53027,2047.0,7.1
53029,1822.0,5.0
53031,729.0,5.6
53033,35842.0,2.8
53035,5877.0,4.6
53037,1272.0,5.5
53039,602.0,5.8
53041,2155.0,6.2
53043,252.0,5.0
53045,1592.0,6.3
53047,1382.0,6.8
53049,596.0,6.9
53051,400.0,7.9
53053,22700.0,5.1
53055,325.0,3.7
53057,3425.0,5.4
53059,303.0,5.5
53061,13364.0,3.0
53063,13372.0,5.2
53065,1336.0,7.0
53067,6914.0,4.8
53069,92.0,6.7
53071,1492.0,4.9
53073,5741.0,5.0
53075,1038.0,4.3
53077,9281.0,7.0
54001,429.0,6.0
54003,2066.0,3.5
54005,407.0,5.5
54007,388.0,7.4
54009,525.0,5.2
54011,1731.0,4.2
54013,332.0,13.0
54015,269.0,8.5
54017,177.0,4.4
54019,923.0,5.7
54021,163.0,6.8
54023,327.0,5.5
54025,739.0,4.6
54027,415.0,3.8
54029,676.0,5.2
54031,297.0,5.1
54033,1536.0,4.4
54035,670.0,5.0
54037,937.0,3.1
54039,3793.0,4.6
54041,423.0,6.2
54043,456.0,6.3
54045,665.0,6.0
54047,410.0,9.2
54049,1297.0,5.1
54051,902.0,6.3
54053,612.0,6.0
54055,1193.0,5.7
54057,721.0,5.7
54059,472.0,6.8
54061,1997.0,3.6
54063,261.0,4.4
54065,317.0,3.9
54067,601.0,6.3
54069,960.0,4.5
54071,142.0,3.8
54073,200.0,6.8
54075,221.0,5.7
54077,713.0,4.6
54079,1165.0,4.3
54081,1432.0,4.7
54083,735.0,6.0
54085,249.0,5.7
54087,491.0,9.5
54089,238.0,5.5
54091,383.0,4.8
54093,175.0,5.2
54095,245.0,7.8
54097,573.0,6.0
54099,855.0,5.4
54101,210.0,6.3
54103,482.0,7.2
54105,181.0,7.9
54107,1875.0,5.1
54109,466.0,6.9
55001,420.0,5.2
55003,379.0,4.8
55005,978.0,4.0
55007,426.0,5.6
55009,4397.0,3.1
55011,272.0,4.2
55013,381.0,5.3
55015,774.0,2.8
55017,1272.0,3.8
55019,586.0,3.3
55021,981.0,3.1
55023,325.0,4.3
55025,7853.0,2.4
55027,1437.0,3.0
55029,582.0,3.8
55031,971.0,4.2
55033,854.0,3.5
55035,1801.0,3.1
55037,106.0,4.8
55039,1685.0,2.9
55041,209.0,5.2
55043,899.0,3.2
55045,608.0,2.9
55047,370.0,3.9
55049,397.0,2.9
55051,154.0,6.1
55053,400.0,3.9
55055,1441.0,3.1
55057,447.0,3.3
55059,3545.0,4.0
55061,356.0,3.2
55063,1927.0,2.9
55065,270.0,2.7
55067,389.0,4.2
55069,562.0,3.7
55071,1398.0,3.4
55073,2132.0,2.9
55075,893.0,4.6
55077,305.0,4.0
55078,131.0,8.0
55079,18657.0,4.0
55081,705.0,3.0
55083,745.0,3.6
55085,775.0,4.3
55087,3076.0,3.0
55089,1405.0,2.9
55091,156.0,3.8
55093,865.0,3.4
55095,1000.0,4.1
55097,1265.0,3.3
55099,286.0,4.4
55101,4029.0,4.1
55103,293.0,3.2
55105,3183.0,3.7
55107,330.0,4.9
55109,1692.0,3.4
55111,1043.0,2.9
55113,380.0,4.8
55115,682.0,3.2
55117,1708.0,2.7
55119,407.0,3.7
55121,578.0,3.6
55123,506.0,3.3
55125,433.0,4.3
55127,1897.0,3.3
55129,322.0,4.1
55131,2211.0,2.9
55133,6580.0,2.9
55135,850.0,3.3
55137,467.0,4.1
55139,2746.0,3.0
55141,1350.0,3.8
56001,621.0,3.1
56003,223.0,4.2
56005,853.0,3.7
56007,262.0,3.3
56009,238.0,2.7
56011,117.0,3.2
56013,824.0,4.4
56015,238.0,3.6
56017,77.0,3.5
56019,151.0,3.6
56021,1678.0,3.5
56023,295.0,3.3
56025,1544.0,3.9
56027,34.0,2.7
56029,620.0,4.0
56031,159.0,3.4
56033,542.0,3.5
56035,182.0,4.4
56037,828.0,3.9
56039,424.0,2.7
56041,353.0,3.9
56043,155.0,3.9
56045,110.0,2.9
72001,630.0,15.3
72003,1190.0,10.1
72005,1469.0,10.2
72007,588.0,9.1
72009,670.0,10.5
72011,739.0,8.5
72013,2255.0,9.5
72015,620.0,13.5
72017,657.0,11.3
72019,634.0,8.7
72021,4015.0,6.3
72023,1159.0,8.7
72025,3177.0,6.8
72027,805.0,8.6
72029,1040.0,6.6
72031,3544.0,5.9
72033,554.0,7.2
72035,1109.0,7.0
72037,380.0,10.4
72039,403.0,11.0
72041,1042.0,6.8
72043,1206.0,12.2
72045,428.0,8.9
72047,804.0,9.1
72049,27.0,3.0
72051,732.0,5.7
72053,1160.0,10.7
72054,355.0,10.9
72055,583.0,14.8
72057,1321.0,12.1
72059,691.0,13.8
72061,1514.0,4.1
72063,1008.0,5.7
72065,1643.0,12.2
72067,456.0,8.6
72069,1710.0,10.1
72071,1106.0,9.1
72073,592.0,14.1
72075,1483.0,10.0
72077,1007.0,8.3
72079,656.0,12.8
72081,1017.0,14.7
72083,304.0,11.6
72085,992.0,8.9
72087,630.0,7.6
72089,581.0,9.5
72091,902.0,8.0
72093,259.0,13.7
72095,437.0,15.1
72097,2264.0,10.5
72099,1080.0,10.4
72101,716.0,9.1
72103,710.0,8.9
72105,589.0,8.5
72107,504.0,10.3
72109,671.0,15.7
72111,823.0,14.1
72113,4357.0,9.7
72115,698.0,11.6
72117,646.0,13.8
72119,1216.0,7.3
72121,790.0,13.0
72123,1021.0,14.5
72125,1076.0,11.2
72127,7273.0,5.5
72129,1011.0,8.8
72131,1391.0,13.6
72133,953.0,10.9
72135,1508.0,5.7
72137,1652.0,5.8
72139,1288.0,4.8
72141,747.0,11.3
72143,776.0,8.1
72145,1246.0,9.6
72147,179.0,6.9
72149,1175.0,15.9
72151,1139.0,13.1
72153,1428.0,14.6
